price,area,rooms,ceiling_height,price_per_m2,Тип,Ремонт,Парковка,Балкон,Санузел
500000.0,200.0,4,3.0,2500.0,Квартира,Дизайнерский,подземная,unknown,unknown
500000.0,198.0,4,3.5,2525.252525252525,Квартира,Дизайнерский,подземная,unknown,"Совмещенный (2), Раздельный (1)"
500000.0,200.0,4,3.2,2500.0,Квартира,Евроремонт,подземная,unknown,Совмещенный (3)
400000.0,170.0,4,3.2,2352.9411764705883,Квартира,Евроремонт,подземная,unknown,Совмещенный (3)
225000.0,58.0,2,3.9,3879.310344827586,Квартира,Евроремонт,unknown,unknown,Совмещенный (2)
470000.0,92.0,3,,5108.695652173913,Квартира,Дизайнерский,unknown,unknown,unknown
350000.0,213.0,5,3.2,1643.1924882629107,Квартира,Евроремонт,наземная,unknown,Совмещенный (2)
250000.0,98.0,3,3.2,2551.0204081632655,Квартира,Евроремонт,подземная,unknown,"Совмещенный (1), Раздельный (1)"
130000.0,120.0,3,3.0,1083.3333333333333,Квартира,Евроремонт,открытая,unknown,Совмещенный (1)
290000.0,170.0,4,3.2,1705.8823529411766,Квартира,Евроремонт,подземная,unknown,Совмещенный (3)
100000.0,80.0,3,,1250.0,Квартира,Евроремонт,unknown,Балкон (3),Совмещенный (1)
200000.0,100.0,3,,2000.0,Квартира,Дизайнерский,unknown,unknown,Совмещенный (2)
500000.0,180.0,5,,2777.777777777778,Квартира,Дизайнерский,unknown,Лоджия (1),"Совмещенный (2), Раздельный (1)"
450000.0,222.2,5,,2025.2025202520254,Квартира,Евроремонт,подземная,Балкон (1),Совмещенный (2)
450000.0,225.0,5,,2000.0,Квартира,Дизайнерский,unknown,unknown,unknown
120000.0,30.0,2,,4000.0,Квартира,Евроремонт,unknown,unknown,Совмещенный (1)
450000.0,222.0,5,,2027.027027027027,Квартира,Дизайнерский,unknown,Балкон (1),unknown
180000.0,150.0,5,,1200.0,Квартира,Евроремонт,наземная,Балкон (1),Совмещенный (2)
190000.0,201.0,5,3.2,945.273631840796,Квартира,Евроремонт,unknown,unknown,Совмещенный (3)
205000.0,64.0,2,,3203.125,Квартира,Евроремонт,unknown,unknown,Совмещенный (2)
230000.0,112.0,3,3.2,2053.5714285714284,Квартира,Евроремонт,подземная,Балкон (1),Совмещенный (2)
590000.0,190.0,4,,3105.2631578947367,Квартира,Дизайнерский,unknown,unknown,unknown
850000.0,255.6,5,,3325.508607198748,Квартира,Евроремонт,unknown,unknown,"Совмещенный (2), Раздельный (1)"
190000.0,186.0,5,3.3,1021.505376344086,Квартира,Евроремонт,открытая,unknown,Совмещенный (2)
200000.0,100.0,3,3.2,2000.0,Квартира,Евроремонт,наземная,unknown,Совмещенный (2)
200000.0,150.0,5,,1333.3333333333333,Квартира,Евроремонт,unknown,Балкон (1),Совмещенный (2)
300000.0,140.0,5,,2142.8571428571427,Квартира,Дизайнерский,unknown,unknown,unknown
400000.0,132.8,3,,3012.048192771084,Квартира,Евроремонт,unknown,unknown,Совмещенный (2)
750000.0,256.0,5,3.0,2929.6875,Квартира,Дизайнерский,подземная,unknown,"Совмещенный (2), Раздельный (2)"
870000.0,380.0,6,4.0,2289.4736842105262,Квартира,Косметический,открытая,unknown,"Совмещенный (2), Раздельный (1)"
350000.0,112.0,3,3.15,3125.0,Квартира,unknown,подземная,unknown,Раздельный (2)
400000.0,91.0,2,3.15,4395.604395604396,Квартира,unknown,подземная,unknown,Раздельный (2)
400000.0,135.0,3,,2962.962962962963,Квартира,Дизайнерский,подземная,unknown,"Совмещенный (1), Раздельный (1)"
590000.0,190.0,4,3.2,3105.2631578947367,Квартира,Дизайнерский,подземная,unknown,Совмещенный (2)
135000.0,44.0,2,4.15,3068.181818181818,Квартира,unknown,unknown,unknown,Раздельный (1)
150000.0,85.0,3,,1764.7058823529412,Квартира,Евроремонт,unknown,Балкон (1),Совмещенный (1)
320000.0,100.0,2,3.0,3200.0,Квартира,unknown,unknown,Балкон (1),Раздельный (2)
400000.0,133.3,3,3.15,3000.7501875468865,Квартира,unknown,подземная,unknown,Раздельный (2)
400000.0,210.0,4,3.8,1904.7619047619048,Квартира,unknown,unknown,Балкон (1),Раздельный (3)
450000.0,180.0,4,,2500.0,Квартира,unknown,unknown,unknown,Раздельный (2)
470000.0,165.0,4,3.35,2848.4848484848485,Квартира,unknown,unknown,unknown,Раздельный (2)
590000.0,190.0,4,4.05,3105.2631578947367,Квартира,unknown,unknown,unknown,Раздельный (2)
600000.0,168.0,4,3.35,3571.4285714285716,Квартира,unknown,unknown,unknown,Раздельный (2)
850000.0,250.0,5,,3400.0,Квартира,unknown,unknown,unknown,Раздельный (3)
150000.0,85.0,3,,1764.7058823529412,Квартира,Евроремонт,подземная,Балкон (1),Совмещенный (1)
195000.0,105.0,3,,1857.142857142857,Квартира,Евроремонт,подземная,unknown,Совмещенный (3)
300000.0,134.0,3,,2238.805970149254,Квартира,Евроремонт,подземная,Балкон (1),Раздельный (2)
90000.0,60.0,2,3.2,1500.0,Квартира,Евроремонт,наземная,unknown,Совмещенный (1)
150000.0,85.0,3,,1764.7058823529412,Квартира,Дизайнерский,unknown,Балкон (1),unknown
250000.0,150.0,5,,1666.6666666666667,Квартира,Дизайнерский,unknown,unknown,unknown
350000.0,142.0,4,3.2,2464.788732394366,Квартира,Евроремонт,подземная,unknown,Совмещенный (2)
450000.0,222.0,5,,2027.027027027027,Квартира,Евроремонт,unknown,Лоджия (1),unknown
120000.0,60.0,2,3.6,2000.0,Квартира,unknown,unknown,unknown,Совмещенный (1)
120000.0,103.0,3,3.8,1165.0485436893205,Квартира,unknown,unknown,unknown,Совмещенный (1)
175000.0,170.0,5,3.2,1029.4117647058824,Квартира,Евроремонт,наземная,unknown,Совмещенный (2)
190000.0,200.0,5,,950.0,Квартира,Евроремонт,unknown,unknown,unknown
240000.0,105.0,3,3.0,2285.714285714286,Квартира,unknown,подземная,Лоджия (1),"Совмещенный (2), Раздельный (1)"
250000.0,60.0,1,3.0,4166.666666666667,Квартира,Евроремонт,подземная,unknown,Совмещенный (1)
250000.0,155.0,5,,1612.9032258064517,Квартира,Дизайнерский,unknown,unknown,unknown
300000.0,134.0,3,3.0,2238.805970149254,Квартира,Евроремонт,подземная,unknown,Совмещенный (2)
500000.0,214.6,5,,2329.9161230195714,Квартира,Дизайнерский,подземная,unknown,Совмещенный (4)
500000.0,204.0,5,3.2,2450.9803921568628,Квартира,unknown,наземная,unknown,Совмещенный (4)
500000.0,180.0,5,,2777.777777777778,Квартира,Евроремонт,unknown,Лоджия (1),unknown
590000.0,260.0,6,,2269.230769230769,Квартира,Дизайнерский,unknown,"Балкон (2), Лоджия (3)","Совмещенный (3), Раздельный (1)"
650000.0,237.1,4,,2741.459299873471,Квартира,Дизайнерский,unknown,Лоджия (1),"Совмещенный (2), Раздельный (1)"
700000.0,215.0,4,,3255.813953488372,Квартира,Евроремонт,подземная,unknown,Совмещенный (3)
115000.0,100.0,3,,1150.0,Квартира,unknown,unknown,unknown,unknown
120000.0,60.0,2,,2000.0,Квартира,Дизайнерский,unknown,unknown,unknown
175000.0,170.0,5,3.2,1029.4117647058824,Квартира,Евроремонт,наземная,unknown,Совмещенный (2)
185000.0,98.0,3,3.0,1887.7551020408164,Квартира,unknown,unknown,unknown,Раздельный (1)
200000.0,175.0,2,3.1,1142.857142857143,Квартира,unknown,подземная,unknown,Раздельный (2)
350000.0,180.0,4,,1944.4444444444443,Квартира,Евроремонт,unknown,unknown,Совмещенный (3)
350000.0,132.0,4,,2651.5151515151515,Квартира,Дизайнерский,подземная,unknown,Совмещенный (2)
400000.0,228.0,6,,1754.3859649122808,Квартира,Евроремонт,unknown,Балкон (1),Совмещенный (2)
470000.0,92.3,3,4.2,5092.091007583966,Квартира,unknown,многоуровневая,unknown,Раздельный (2)
500000.0,204.0,5,3.2,2450.9803921568628,Квартира,Евроремонт,подземная,Балкон (1),Совмещенный (4)
650000.0,160.0,4,3.2,4062.5,Квартира,Евроремонт,unknown,unknown,Совмещенный (3)
650000.0,140.0,4,3.2,4642.857142857143,Квартира,Евроремонт,unknown,unknown,Совмещенный (3)
700000.0,140.0,4,3.2,5000.0,Квартира,Евроремонт,unknown,"Балкон (1), Лоджия (1)",Совмещенный (3)
120000.0,45.0,1,,2666.6666666666665,Квартира,Дизайнерский,наземная,Балкон (1),Совмещенный (1)
130000.0,65.0,3,3.2,2000.0,Квартира,Евроремонт,наземная,unknown,Совмещенный (1)
140000.0,87.0,3,,1609.1954022988505,Квартира,Евроремонт,unknown,unknown,Раздельный (1)
145000.0,90.0,3,3.0,1611.111111111111,Квартира,Дизайнерский,unknown,Балкон (1),Совмещенный (1)
350000.0,180.0,4,,1944.4444444444443,Квартира,Евроремонт,подземная,unknown,Раздельный (3)
400000.0,180.0,4,,2222.222222222222,Квартира,Дизайнерский,unknown,Балкон (1),unknown
650000.0,170.0,4,,3823.529411764706,Квартира,Дизайнерский,unknown,Балкон (2),unknown
99000.0,75.0,3,,1320.0,Квартира,Косметический,открытая,unknown,Раздельный (1)
100000.0,87.0,3,,1149.4252873563219,Квартира,Дизайнерский,unknown,unknown,Совмещенный (1)
180000.0,105.0,3,3.0,1714.2857142857142,Квартира,Косметический,открытая,Балкон (1),Совмещенный (2)
200000.0,99.0,3,3.2,2020.20202020202,Квартира,unknown,подземная,Лоджия (1),Совмещенный (2)
250000.0,60.0,1,3.5,4166.666666666667,Квартира,unknown,подземная,unknown,Совмещенный (1)
280000.0,140.0,4,,2000.0,Квартира,Евроремонт,unknown,unknown,Совмещенный (2)
300000.0,120.0,3,,2500.0,Квартира,Дизайнерский,unknown,unknown,Совмещенный (2)
400000.0,133.0,3,2.8,3007.5187969924814,Квартира,unknown,подземная,unknown,Совмещенный (2)
400000.0,180.0,4,,2222.222222222222,Квартира,unknown,unknown,Балкон (1),Совмещенный (3)
450000.0,219.0,4,,2054.794520547945,Квартира,unknown,подземная,Лоджия (1),"Совмещенный (2), Раздельный (1)"
450000.0,130.0,3,,3461.5384615384614,Квартира,unknown,подземная,Балкон (1),Совмещенный (2)
500000.0,180.0,5,3.0,2777.777777777778,Квартира,Дизайнерский,подземная,Балкон (1),"Совмещенный (2), Раздельный (1)"
520000.0,190.0,4,3.2,2736.842105263158,Квартира,unknown,наземная,Балкон (1),Совмещенный (2)
550000.0,174.0,3,,3160.919540229885,Квартира,Дизайнерский,unknown,unknown,"Совмещенный (1), Раздельный (1)"
590000.0,336.0,6,,1755.952380952381,Квартира,Дизайнерский,unknown,unknown,unknown
650000.0,170.0,4,,3823.529411764706,Квартира,Дизайнерский,подземная,"Балкон (1), Лоджия (1)","Совмещенный (2), Раздельный (1)"
650000.0,338.0,6,3.2,1923.076923076923,Квартира,unknown,наземная,unknown,Совмещенный (3)
80000.0,52.0,2,,1538.4615384615386,Квартира,unknown,наземная,unknown,Совмещенный (1)
95000.0,91.0,3,,1043.956043956044,Квартира,Без ремонта,unknown,unknown,Раздельный (1)
105000.0,56.0,2,,1875.0,Квартира,unknown,наземная,Балкон (1),Раздельный (1)
120000.0,80.0,3,3.2,1500.0,Квартира,unknown,наземная,Балкон (2),Совмещенный (1)
135000.0,94.0,2,3.2,1436.1702127659576,Квартира,unknown,unknown,unknown,Совмещенный (1)
135000.0,40.0,2,3.0,3375.0,Квартира,unknown,unknown,unknown,"Совмещенный (1), Раздельный (1)"
145000.0,90.0,3,,1611.111111111111,Квартира,unknown,наземная,unknown,Раздельный (1)
165000.0,120.0,2,3.0,1375.0,Квартира,unknown,наземная,unknown,Совмещенный (1)
175000.0,170.0,5,,1029.4117647058824,Квартира,Евроремонт,unknown,unknown,unknown
180000.0,140.0,3,3.2,1285.7142857142858,Квартира,Косметический,открытая,unknown,Совмещенный (2)
190000.0,120.0,3,3.0,1583.3333333333333,Квартира,unknown,наземная,unknown,Совмещенный (2)
200000.0,95.0,3,,2105.2631578947367,Квартира,Евроремонт,подземная,Балкон (1),Раздельный (2)
220000.0,130.0,4,,1692.3076923076924,Квартира,Косметический,unknown,unknown,Совмещенный (2)
230000.0,70.0,3,,3285.714285714286,Квартира,Дизайнерский,unknown,unknown,Совмещенный (2)
330000.0,189.0,4,,1746.031746031746,Квартира,Евроремонт,подземная,Балкон (1),Раздельный (2)
330000.0,120.0,2,3.8,2750.0,Квартира,unknown,подземная,unknown,"Совмещенный (1), Раздельный (1)"
350000.0,212.0,4,,1650.9433962264152,Квартира,Дизайнерский,unknown,unknown,Совмещенный (2)
350000.0,111.0,4,,3153.153153153153,Квартира,Евроремонт,unknown,Лоджия (1),"Совмещенный (2), Раздельный (1)"
350000.0,92.0,2,,3804.3478260869565,Квартира,Дизайнерский,unknown,unknown,unknown
350000.0,132.0,4,,2651.5151515151515,Квартира,Без ремонта,unknown,unknown,Совмещенный (2)
360000.0,202.0,4,,1782.1782178217823,Квартира,Дизайнерский,unknown,unknown,unknown
400000.0,123.0,2,,3252.032520325203,Квартира,Дизайнерский,unknown,unknown,unknown
450000.0,130.0,3,,3461.5384615384614,Квартира,Дизайнерский,unknown,Балкон (1),unknown
450000.0,180.0,3,,2500.0,Квартира,Дизайнерский,unknown,unknown,unknown
450000.0,220.0,5,,2045.4545454545455,Квартира,Евроремонт,unknown,Балкон (1),"Совмещенный (2), Раздельный (1)"
450000.0,180.0,4,,2500.0,Квартира,Евроремонт,unknown,unknown,Совмещенный (2)
470000.0,206.0,4,3.2,2281.5533980582522,Квартира,Дизайнерский,подземная,unknown,"Совмещенный (2), Раздельный (1)"
500000.0,215.0,5,,2325.5813953488373,Квартира,Евроремонт,подземная,unknown,Раздельный (4)
520000.0,195.0,4,3.2,2666.6666666666665,Квартира,Дизайнерский,наземная,Балкон (1),Совмещенный (2)
590000.0,186.0,4,3.2,3172.043010752688,Квартира,unknown,подземная,unknown,Совмещенный (2)
590000.0,336.0,6,,1755.952380952381,Квартира,Дизайнерский,unknown,unknown,Совмещенный (4)
650000.0,380.0,6,,1710.5263157894738,Квартира,Евроремонт,unknown,unknown,Раздельный (3)
80000.0,53.0,2,3.2,1509.433962264151,Квартира,Евроремонт,unknown,unknown,Совмещенный (1)
80000.0,53.0,2,2.5,1509.433962264151,Квартира,Евроремонт,наземная,unknown,Раздельный (1)
90000.0,60.0,2,,1500.0,Квартира,Косметический,наземная,unknown,Совмещенный (1)
95000.0,30.0,1,,3166.6666666666665,Квартира,Дизайнерский,наземная,unknown,Совмещенный (1)
100000.0,80.0,3,,1250.0,Квартира,Евроремонт,unknown,unknown,unknown
100000.0,68.0,3,2.8,1470.5882352941176,Квартира,Евроремонт,наземная,Балкон (1),Совмещенный (1)
105000.0,55.0,2,2.8,1909.090909090909,Квартира,Евроремонт,открытая,Лоджия (1),Раздельный (1)
110000.0,55.0,2,3.2,2000.0,Квартира,Евроремонт,наземная,unknown,Совмещенный (1)
120000.0,103.0,3,,1165.0485436893205,Квартира,Дизайнерский,unknown,unknown,Совмещенный (1)
120000.0,80.0,3,,1500.0,Квартира,Евроремонт,unknown,Балкон (1),unknown
130000.0,65.0,2,3.0,2000.0,Квартира,Дизайнерский,подземная,unknown,Совмещенный (1)
135000.0,98.0,2,3.4,1377.5510204081634,Квартира,Евроремонт,открытая,unknown,Совмещенный (1)
135000.0,40.0,2,2.4,3375.0,Квартира,Дизайнерский,unknown,unknown,"Совмещенный (1), Раздельный (1)"
135000.0,89.4,2,,1510.0671140939596,Квартира,Евроремонт,unknown,unknown,Совмещенный (1)
145000.0,90.0,3,,1611.111111111111,Квартира,Дизайнерский,unknown,unknown,Раздельный (1)
150000.0,90.0,3,3.2,1666.6666666666667,Квартира,Евроремонт,наземная,unknown,Совмещенный (1)
150000.0,100.0,3,,1500.0,Квартира,Косметический,открытая,unknown,"Совмещенный (1), Раздельный (1)"
150000.0,43.3,2,4.0,3464.2032332563513,Квартира,Дизайнерский,unknown,unknown,Совмещенный (2)
160000.0,110.0,3,3.0,1454.5454545454545,Квартира,Евроремонт,наземная,Балкон (1),Совмещенный (1)
165000.0,120.0,2,3.0,1375.0,Квартира,Евроремонт,unknown,Балкон (1),Совмещенный (1)
170000.0,117.0,3,3.0,1452.991452991453,Квартира,Евроремонт,открытая,unknown,Совмещенный (1)
180000.0,120.0,3,3.0,1500.0,Квартира,Евроремонт,подземная,Лоджия (1),Совмещенный (2)
180000.0,96.0,4,,1875.0,Квартира,Евроремонт,unknown,Балкон (1),"Совмещенный (1), Раздельный (1)"
190000.0,120.0,2,4.0,1583.3333333333333,Квартира,Косметический,открытая,unknown,Совмещенный (2)
195000.0,120.0,3,,1625.0,Квартира,Дизайнерский,unknown,Балкон (2),"Совмещенный (1), Раздельный (1)"
200000.0,75.0,2,3.2,2666.6666666666665,Квартира,Дизайнерский,подземная,unknown,Совмещенный (1)
200000.0,99.0,3,,2020.20202020202,Квартира,Дизайнерский,unknown,Лоджия (1),Совмещенный (2)
220000.0,130.0,4,3.2,1692.3076923076924,Квартира,Дизайнерский,наземная,unknown,Совмещенный (2)
230000.0,120.0,3,,1916.6666666666667,Квартира,Дизайнерский,открытая,Лоджия (1),Совмещенный (2)
250000.0,105.0,3,,2380.9523809523807,Квартира,Евроремонт,подземная,unknown,Раздельный (2)
250000.0,115.0,3,3.0,2173.913043478261,Квартира,Евроремонт,наземная,"Балкон (1), Лоджия (1)",Совмещенный (2)
250000.0,165.0,5,3.2,1515.1515151515152,Квартира,Евроремонт,наземная,unknown,Совмещенный (3)
270000.0,65.0,1,,4153.846153846154,Квартира,Дизайнерский,подземная,unknown,Совмещенный (1)
270000.0,76.0,2,3.0,3552.6315789473683,Квартира,Евроремонт,подземная,unknown,"Совмещенный (1), Раздельный (1)"
300000.0,126.0,3,3.2,2380.9523809523807,Квартира,Евроремонт,наземная,Балкон (1),Совмещенный (2)
300000.0,124.0,3,3.2,2419.3548387096776,Квартира,Евроремонт,подземная,unknown,Совмещенный (2)
330000.0,130.0,2,3.8,2538.4615384615386,Квартира,Дизайнерский,подземная,unknown,"Совмещенный (1), Раздельный (1)"
330000.0,190.0,4,3.2,1736.842105263158,Квартира,Евроремонт,подземная,unknown,Совмещенный (2)
350000.0,178.0,4,3.0,1966.2921348314608,Квартира,Дизайнерский,подземная,Лоджия (1),Совмещенный (2)
350000.0,135.0,4,3.0,2592.5925925925926,Квартира,Евроремонт,открытая,Балкон (1),Совмещенный (2)
350000.0,130.0,4,,2692.3076923076924,Квартира,Дизайнерский,подземная,unknown,unknown
350000.0,212.0,4,3.2,1650.9433962264152,Квартира,Евроремонт,unknown,unknown,Совмещенный (3)
350000.0,178.0,4,,1966.2921348314608,Квартира,Евроремонт,unknown,Балкон (1),"Совмещенный (2), Раздельный (2)"
360000.0,201.0,4,,1791.044776119403,Квартира,Дизайнерский,unknown,unknown,Совмещенный (3)
370000.0,181.0,5,3.4,2044.1988950276243,Квартира,Дизайнерский,наземная,Балкон (1),"Совмещенный (2), Раздельный (1)"
400000.0,123.6,2,,3236.245954692557,Квартира,Евроремонт,unknown,unknown,"Совмещенный (1), Раздельный (1)"
400000.0,129.0,3,,3100.7751937984494,Квартира,Дизайнерский,unknown,unknown,Совмещенный (2)
400000.0,176.0,4,3.2,2272.7272727272725,Квартира,Евроремонт,наземная,Балкон (1),Совмещенный (4)
400000.0,190.0,4,3.3,2105.2631578947367,Квартира,Дизайнерский,подземная,unknown,Совмещенный (3)
450000.0,180.0,4,3.2,2500.0,Квартира,Евроремонт,наземная,unknown,Совмещенный (2)
500000.0,247.0,4,3.0,2024.2914979757086,Квартира,Дизайнерский,unknown,Балкон (1),Раздельный (2)
500000.0,110.0,3,3.3,4545.454545454545,Квартира,Дизайнерский,подземная,Лоджия (1),Совмещенный (2)
500000.0,180.0,5,3.2,2777.777777777778,Квартира,Евроремонт,подземная,"Балкон (1), Лоджия (1)",Совмещенный (3)
500000.0,300.0,4,3.2,1666.6666666666667,Квартира,Евроремонт,наземная,Балкон (1),Совмещенный (3)
500000.0,190.0,3,3.0,2631.5789473684213,Квартира,Дизайнерский,подземная,unknown,Раздельный (2)
500000.0,180.0,5,,2777.777777777778,Квартира,Дизайнерский,unknown,Лоджия (1),Совмещенный (2)
550000.0,209.0,4,,2631.5789473684213,Квартира,Косметический,unknown,unknown,Совмещенный (3)
550000.0,173.1,3,3.2,3177.35413056037,Квартира,Дизайнерский,подземная,Лоджия (1),Совмещенный (2)
590000.0,336.0,6,3.2,1755.952380952381,Квартира,Евроремонт,наземная,unknown,Совмещенный (4)
600000.0,190.0,4,3.2,3157.8947368421054,Квартира,Евроремонт,подземная,unknown,Совмещенный (2)
600000.0,258.0,6,3.2,2325.5813953488373,Квартира,Евроремонт,наземная,Балкон (1),Совмещенный (3)
60000.0,76.0,3,2.74,789.4736842105264,Квартира,Косметический,unknown,"Балкон (1), Лоджия (1)",Раздельный (1)
55000.0,71.7,2,2.7,767.0850767085076,Квартира,Евроремонт,unknown,Лоджия (1),Совмещенный (1)
65000.0,70.0,3,2.4,928.5714285714286,Квартира,Евроремонт,наземная,Балкон (1),Раздельный (2)
55000.0,82.0,3,,670.7317073170732,Квартира,Косметический,unknown,Балкон (1),Раздельный (1)
80000.0,87.0,3,2.7,919.5402298850574,Квартира,unknown,unknown,Балкон (1),Раздельный (2)
95000.0,84.0,3,,1130.952380952381,Квартира,unknown,unknown,unknown,Совмещенный (1)
65000.0,82.0,3,,792.6829268292682,Квартира,Евроремонт,unknown,Лоджия (2),Совмещенный (1)
70000.0,70.0,2,,1000.0,Квартира,Дизайнерский,unknown,unknown,Совмещенный (1)
54500.0,44.0,2,,1238.6363636363637,Квартира,Евроремонт,многоуровневая,Лоджия (1),Совмещенный (1)
71000.0,70.0,3,,1014.2857142857143,Квартира,Евроремонт,открытая,Балкон (1),Раздельный (2)
80000.0,87.0,3,,919.5402298850574,Квартира,Евроремонт,наземная,"Балкон (1), Лоджия (1)",Раздельный (2)
90000.0,84.0,3,,1071.4285714285713,Квартира,Дизайнерский,наземная,Балкон (1),Совмещенный (1)
92000.0,77.0,3,,1194.8051948051948,Квартира,Евроремонт,открытая,Лоджия (1),Раздельный (1)
95000.0,84.0,3,2.8,1130.952380952381,Квартира,Дизайнерский,подземная,Балкон (1),unknown
100000.0,96.0,3,2.7,1041.6666666666667,Квартира,Евроремонт,наземная,Лоджия (1),Совмещенный (1)
100000.0,124.0,5,,806.4516129032259,Квартира,Евроремонт,unknown,"Балкон (1), Лоджия (1)","Совмещенный (1), Раздельный (1)"
330000.0,102.0,3,3.0,3235.294117647059,Квартира,Дизайнерский,подземная,unknown,Совмещенный (2)
500000.0,238.0,5,3.2,2100.840336134454,Квартира,Евроремонт,наземная,unknown,Совмещенный (3)
500000.0,234.0,5,3.5,2136.7521367521367,Квартира,Дизайнерский,unknown,unknown,"Совмещенный (2), Раздельный (1)"
270000.0,134.1,4,3.0,2013.4228187919464,Квартира,Дизайнерский,подземная,Балкон (1),Совмещенный (2)
230000.0,108.0,4,3.2,2129.6296296296296,Квартира,Евроремонт,unknown,unknown,Совмещенный (2)
300000.0,168.0,4,,1785.7142857142858,Квартира,Евроремонт,unknown,unknown,unknown
150000.0,160.0,3,,937.5,Квартира,Евроремонт,unknown,Лоджия (1),Совмещенный (2)
165000.0,122.0,3,,1352.4590163934427,Квартира,Дизайнерский,unknown,unknown,Совмещенный (1)
170000.0,133.0,3,3.0,1278.1954887218046,Квартира,unknown,подземная,Лоджия (1),Совмещенный (2)
200000.0,138.0,4,3.0,1449.2753623188405,Квартира,Косметический,открытая,unknown,"Совмещенный (2), Раздельный (1)"
350000.0,126.0,4,3.2,2777.777777777778,Квартира,Дизайнерский,открытая,unknown,"Совмещенный (1), Раздельный (1)"
170000.0,133.0,3,3.0,1278.1954887218046,Квартира,Евроремонт,подземная,Балкон (1),Совмещенный (2)
200000.0,145.0,4,3.0,1379.3103448275863,Квартира,Евроремонт,unknown,unknown,Раздельный (2)
115000.0,71.0,2,,1619.718309859155,Квартира,unknown,наземная,Лоджия (1),Совмещенный (1)
120000.0,74.0,3,3.0,1621.6216216216217,Квартира,Евроремонт,unknown,unknown,Совмещенный (1)
260000.0,143.0,5,2.8,1818.1818181818182,Квартира,Косметический,unknown,unknown,Совмещенный (2)
270000.0,133.0,3,3.9,2030.0751879699249,Квартира,unknown,подземная,unknown,"Совмещенный (2), Раздельный (2)"
100000.0,80.0,3,,1250.0,Квартира,Евроремонт,unknown,unknown,unknown
110000.0,115.0,3,,956.5217391304348,Квартира,Евроремонт,наземная,Балкон (1),Раздельный (1)
115000.0,71.0,2,,1619.718309859155,Квартира,Дизайнерский,открытая,unknown,Совмещенный (1)
120000.0,110.0,3,,1090.909090909091,Квартира,Евроремонт,открытая,"Балкон (1), Лоджия (1)",Совмещенный (1)
150000.0,120.0,4,,1250.0,Квартира,Евроремонт,unknown,unknown,Совмещенный (3)
190000.0,140.0,3,,1357.142857142857,Квартира,Евроремонт,unknown,Балкон (1),Совмещенный (2)
270000.0,85.0,3,3.4,3176.470588235294,Квартира,unknown,наземная,Балкон (1),Раздельный (1)
270000.0,133.0,4,3.2,2030.0751879699249,Квартира,Евроремонт,подземная,unknown,"Совмещенный (2), Раздельный (2)"
550000.0,312.0,6,,1762.820512820513,Квартира,Евроремонт,unknown,unknown,Совмещенный (3)
55000.0,40.0,1,,1375.0,Квартира,Евроремонт,unknown,Лоджия (1),Раздельный (1)
70000.0,61.0,2,3.0,1147.5409836065573,Квартира,Евроремонт,unknown,Лоджия (1),Совмещенный (1)
80000.0,41.0,1,,1951.219512195122,Квартира,Евроремонт,unknown,unknown,Раздельный (1)
80000.0,41.0,1,,1951.219512195122,Квартира,Евроремонт,unknown,unknown,Раздельный (1)
150000.0,122.0,4,,1229.5081967213114,Квартира,Евроремонт,открытая,unknown,unknown
190000.0,140.0,3,,1357.142857142857,Квартира,Евроремонт,unknown,"Балкон (1), Лоджия (1)","Совмещенный (1), Раздельный (1)"
200000.0,130.0,4,2.7,1538.4615384615386,Квартира,unknown,подземная,unknown,"Совмещенный (2), Раздельный (1)"
250000.0,168.0,4,,1488.095238095238,Квартира,Евроремонт,подземная,Балкон (1),Раздельный (2)
270000.0,160.0,4,,1687.5,Квартира,unknown,unknown,unknown,Раздельный (2)
270000.0,85.0,3,,3176.470588235294,Квартира,Евроремонт,unknown,unknown,Раздельный (1)
299000.0,235.0,5,,1272.340425531915,Квартира,Дизайнерский,unknown,Балкон (1),"Совмещенный (2), Раздельный (1)"
300000.0,174.0,4,,1724.1379310344828,Квартира,unknown,unknown,Балкон (1),Раздельный (3)
300000.0,168.0,4,,1785.7142857142858,Квартира,Евроремонт,подземная,unknown,Раздельный (2)
350000.0,126.0,4,3.2,2777.777777777778,Квартира,unknown,наземная,unknown,Совмещенный (2)
700000.0,220.0,6,,3181.818181818182,Квартира,unknown,unknown,unknown,Раздельный (3)
950000.0,170.0,4,3.1,5588.235294117647,Квартира,unknown,подземная,Балкон (2),"Совмещенный (2), Раздельный (1)"
70000.0,61.0,2,,1147.5409836065573,Квартира,Дизайнерский,unknown,Лоджия (1),Совмещенный (1)
89000.0,78.9,2,2.7,1128.0101394169835,Квартира,Евроремонт,unknown,Балкон (1),Совмещенный (1)
100000.0,80.0,3,3.0,1250.0,Квартира,Евроремонт,открытая,Балкон (1),Раздельный (1)
110000.0,115.0,3,,956.5217391304348,Квартира,Евроремонт,подземная,Лоджия (1),"Совмещенный (1), Раздельный (1)"
130000.0,75.0,3,3.2,1733.3333333333333,Квартира,Евроремонт,unknown,unknown,Совмещенный (2)
160000.0,72.0,2,,2222.222222222222,Квартира,Евроремонт,подземная,unknown,Совмещенный (2)
180000.0,100.0,3,,1800.0,Квартира,Дизайнерский,unknown,Балкон (1),Совмещенный (2)
185000.0,120.0,4,3.2,1541.6666666666667,Квартира,Евроремонт,наземная,unknown,Совмещенный (2)
185000.0,120.0,4,,1541.6666666666667,Квартира,Дизайнерский,unknown,unknown,Совмещенный (2)
200000.0,134.0,4,,1492.5373134328358,Квартира,Евроремонт,подземная,unknown,"Совмещенный (2), Раздельный (1)"
200000.0,76.0,4,,2631.5789473684213,Квартира,Евроремонт,unknown,Балкон (1),unknown
250000.0,116.0,3,,2155.1724137931033,Квартира,Дизайнерский,наземная,Балкон (2),unknown
250000.0,123.0,3,3.2,2032.520325203252,Квартира,Евроремонт,наземная,unknown,Совмещенный (2)
260000.0,143.0,5,3.2,1818.1818181818182,Квартира,Евроремонт,подземная,Балкон (1),Совмещенный (2)
270000.0,170.0,4,3.5,1588.235294117647,Квартира,Евроремонт,подземная,unknown,Совмещенный (2)
270000.0,85.0,3,,3176.470588235294,Квартира,Евроремонт,unknown,Балкон (1),Раздельный (1)
300000.0,150.0,4,3.0,2000.0,Квартира,Евроремонт,подземная,Балкон (1),"Совмещенный (1), Раздельный (2)"
300000.0,130.0,3,3.2,2307.6923076923076,Квартира,Евроремонт,подземная,unknown,Совмещенный (2)
300000.0,200.0,4,3.2,1500.0,Квартира,Евроремонт,подземная,unknown,Совмещенный (3)
300000.0,146.0,4,3.0,2054.794520547945,Квартира,Евроремонт,подземная,unknown,unknown
330000.0,168.0,4,3.2,1964.2857142857142,Квартира,Евроремонт,подземная,unknown,Совмещенный (3)
330000.0,169.0,4,3.2,1952.6627218934912,Квартира,Евроремонт,подземная,unknown,Совмещенный (3)
330000.0,168.0,4,,1964.2857142857142,Квартира,Дизайнерский,unknown,unknown,Совмещенный (3)
350000.0,130.0,4,3.2,2692.3076923076924,Квартира,Евроремонт,наземная,unknown,Совмещенный (2)
380000.0,210.0,6,3.2,1809.5238095238096,Квартира,Евроремонт,наземная,Балкон (1),Совмещенный (3)
400000.0,326.0,6,3.2,1226.993865030675,Квартира,Евроремонт,наземная,Балкон (1),Совмещенный (3)
450000.0,160.0,3,3.4,2812.5,Квартира,Дизайнерский,подземная,unknown,unknown
750000.0,218.0,6,3.2,3440.3669724770643,Квартира,Евроремонт,подземная,unknown,Совмещенный (3)
950000.0,184.0,4,3.0,5163.04347826087,Квартира,Дизайнерский,подземная,Балкон (1),"Совмещенный (2), Раздельный (1)"
1500000.0,414.0,6,,3623.1884057971015,Квартира,Косметический,unknown,"Балкон (3), Лоджия (3)","Совмещенный (2), Раздельный (4)"
85000.0,64.0,2,,1328.125,Квартира,Дизайнерский,unknown,Лоджия (1),Совмещенный (1)
100000.0,80.0,3,,1250.0,Квартира,Евроремонт,наземная,Балкон (2),"Совмещенный (1), Раздельный (1)"
59900.0,37.0,2,2.64,1618.918918918919,Квартира,Косметический,наземная,Балкон (1),unknown
60000.0,46.0,2,,1304.3478260869565,Квартира,unknown,наземная,Балкон (1),unknown
60000.0,30.0,1,,2000.0,Квартира,Дизайнерский,наземная,unknown,"Совмещенный (1), Раздельный (1)"
65000.0,80.0,3,,812.5,Квартира,Евроремонт,unknown,unknown,Раздельный (1)
65000.0,40.0,2,2.64,1625.0,Квартира,Евроремонт,наземная,Балкон (1),Раздельный (1)
65000.0,43.0,2,2.64,1511.6279069767443,Квартира,Евроремонт,unknown,unknown,Совмещенный (1)
65000.0,63.0,2,3.2,1031.7460317460318,Квартира,Косметический,наземная,Балкон (1),Раздельный (1)
70000.0,61.0,2,,1147.5409836065573,Квартира,Евроремонт,наземная,Балкон (1),Раздельный (1)
75000.0,70.0,2,3.0,1071.4285714285713,Квартира,Евроремонт,наземная,Балкон (1),Совмещенный (1)
90000.0,74.0,3,,1216.2162162162163,Квартира,Косметический,наземная,Лоджия (1),Совмещенный (1)
129000.0,66.0,2,,1954.5454545454545,Квартира,Дизайнерский,unknown,unknown,Совмещенный (1)
140000.0,100.0,3,,1400.0,Квартира,Дизайнерский,unknown,unknown,Раздельный (2)
145000.0,150.0,4,3.0,966.6666666666666,Квартира,Евроремонт,подземная,Лоджия (1),"Совмещенный (1), Раздельный (1)"
170000.0,153.0,3,3.5,1111.111111111111,Квартира,Евроремонт,подземная,"Балкон (1), Лоджия (1)",Совмещенный (2)
230000.0,106.0,3,2.8,2169.811320754717,Квартира,Евроремонт,подземная,Балкон (1),"Совмещенный (1), Раздельный (1)"
250000.0,115.0,3,3.4,2173.913043478261,Квартира,Дизайнерский,наземная,unknown,Совмещенный (1)
300000.0,127.0,3,3.5,2362.2047244094488,Квартира,Дизайнерский,подземная,unknown,Совмещенный (2)
120000.0,75.0,3,,1600.0,Квартира,Евроремонт,unknown,unknown,Совмещенный (1)
100000.0,65.0,3,,1538.4615384615386,Квартира,unknown,unknown,Балкон (1),Совмещенный (1)
380000.0,151.0,3,3.0,2516.5562913907283,Квартира,unknown,подземная,Балкон (1),Совмещенный (2)
60000.0,46.0,2,,1304.3478260869565,Квартира,unknown,unknown,unknown,Совмещенный (1)
70000.0,50.0,2,,1400.0,Квартира,Дизайнерский,unknown,unknown,Совмещенный (1)
70000.0,65.0,3,2.7,1076.923076923077,Квартира,unknown,unknown,Лоджия (1),Совмещенный (1)
100000.0,70.0,3,,1428.5714285714287,Квартира,Без ремонта,unknown,Балкон (1),Совмещенный (1)
110000.0,113.0,3,,973.4513274336283,Квартира,Евроремонт,подземная,Лоджия (1),unknown
110000.0,55.0,2,,2000.0,Квартира,Дизайнерский,unknown,Балкон (1),Раздельный (1)
130000.0,110.0,3,,1181.8181818181818,Квартира,Евроремонт,наземная,unknown,Совмещенный (2)
150000.0,74.5,3,,2013.4228187919464,Квартира,Евроремонт,unknown,unknown,Совмещенный (1)
250000.0,100.0,3,,2500.0,Квартира,Евроремонт,unknown,Лоджия (1),"Совмещенный (1), Раздельный (1)"
250000.0,125.0,3,,2000.0,Квартира,Дизайнерский,наземная,unknown,Совмещенный (2)
270000.0,170.0,4,,1588.235294117647,Квартира,Евроремонт,подземная,unknown,Совмещенный (2)
270000.0,150.0,4,,1800.0,Квартира,Евроремонт,unknown,unknown,Совмещенный (3)
300000.0,195.0,4,3.5,1538.4615384615386,Квартира,Дизайнерский,подземная,"Балкон (3), Лоджия (1)",Совмещенный (2)
380000.0,165.0,3,,2303.030303030303,Квартира,Дизайнерский,unknown,unknown,Совмещенный (2)
500000.0,238.0,5,,2100.840336134454,Квартира,Евроремонт,unknown,unknown,Совмещенный (3)
270000.0,175.0,4,,1542.857142857143,Квартира,Дизайнерский,unknown,"Балкон (1), Лоджия (1)",Совмещенный (2)
57000.0,35.0,1,2.5,1628.5714285714287,Квартира,unknown,unknown,unknown,Совмещенный (1)
58000.0,42.0,2,,1380.952380952381,Квартира,Евроремонт,unknown,Балкон (1),Совмещенный (1)
59000.0,50.0,2,,1180.0,Квартира,Евроремонт,открытая,unknown,Совмещенный (1)
70000.0,68.0,3,2.8,1029.4117647058824,Квартира,Евроремонт,наземная,Лоджия (1),Совмещенный (1)
74990.0,31.0,1,,2419.032258064516,Квартира,Дизайнерский,unknown,unknown,Совмещенный (1)
75000.0,50.0,2,2.64,1500.0,Квартира,Косметический,unknown,Балкон (1),Раздельный (1)
75000.0,58.7,2,2.7,1277.6831345826236,Квартира,Косметический,unknown,Лоджия (1),Совмещенный (1)
75000.0,57.0,3,2.6,1315.7894736842106,Квартира,unknown,unknown,Балкон (1),Раздельный (1)
85000.0,47.0,2,,1808.5106382978724,Квартира,unknown,наземная,unknown,Совмещенный (1)
90000.0,80.0,3,,1125.0,Квартира,unknown,наземная,Балкон (1),Совмещенный (1)
95000.0,86.0,3,,1104.6511627906978,Квартира,Евроремонт,unknown,Балкон (1),Совмещенный (1)
105000.0,80.0,3,,1312.5,Квартира,Евроремонт,unknown,unknown,Совмещенный (1)
110000.0,90.0,4,3.2,1222.2222222222222,Квартира,unknown,unknown,Балкон (1),Совмещенный (1)
110000.0,120.0,3,,916.6666666666666,Квартира,Евроремонт,подземная,Лоджия (1),"Совмещенный (1), Раздельный (1)"
120000.0,75.0,3,3.0,1600.0,Квартира,Евроремонт,открытая,unknown,Совмещенный (1)
130000.0,93.0,4,,1397.8494623655913,Квартира,Евроремонт,наземная,Балкон (1),Совмещенный (1)
130000.0,90.0,3,,1444.4444444444443,Квартира,Евроремонт,unknown,Балкон (1),"Совмещенный (1), Раздельный (1)"
160000.0,102.0,4,,1568.6274509803923,Квартира,unknown,наземная,"Балкон (1), Лоджия (1)",Совмещенный (1)
160000.0,110.0,3,3.3,1454.5454545454545,Квартира,unknown,наземная,Лоджия (2),Совмещенный (2)
165000.0,120.0,3,3.5,1375.0,Квартира,unknown,наземная,unknown,"Совмещенный (1), Раздельный (1)"
170000.0,153.0,3,,1111.111111111111,Квартира,Дизайнерский,unknown,Лоджия (1),Совмещенный (2)
180000.0,65.0,2,3.0,2769.230769230769,Квартира,Дизайнерский,подземная,unknown,Совмещенный (1)
200000.0,145.0,3,3.1,1379.3103448275863,Квартира,unknown,подземная,Лоджия (1),Совмещенный (2)
240000.0,170.0,4,,1411.764705882353,Квартира,unknown,подземная,Балкон (1),Совмещенный (2)
250000.0,105.0,4,,2380.9523809523807,Квартира,Евроремонт,unknown,Балкон (1),Совмещенный (2)
270000.0,85.0,3,3.4,3176.470588235294,Квартира,Евроремонт,наземная,Балкон (1),Раздельный (1)
278800.0,175.0,4,,1593.142857142857,Квартира,Евроремонт,unknown,unknown,Совмещенный (2)
300000.0,168.0,4,,1785.7142857142858,Квартира,Евроремонт,подземная,unknown,Совмещенный (3)
330000.0,170.0,4,,1941.1764705882354,Квартира,Евроремонт,unknown,unknown,"Совмещенный (2), Раздельный (1)"
330000.0,180.0,4,3.2,1833.3333333333333,Квартира,Евроремонт,открытая,unknown,Совмещенный (3)
330000.0,168.0,4,,1964.2857142857142,Квартира,Евроремонт,подземная,unknown,Совмещенный (3)
350000.0,160.0,5,3.2,2187.5,Квартира,unknown,наземная,Балкон (1),"Совмещенный (2), Раздельный (1)"
350000.0,126.0,4,,2777.777777777778,Квартира,Евроремонт,unknown,unknown,Совмещенный (2)
380000.0,210.0,5,,1809.5238095238096,Квартира,Евроремонт,подземная,Балкон (1),Совмещенный (3)
390000.0,155.0,4,,2516.1290322580644,Квартира,Евроремонт,подземная,Лоджия (1),"Совмещенный (1), Раздельный (1)"
400000.0,190.0,6,,2105.2631578947367,Квартира,Евроремонт,подземная,unknown,Совмещенный (3)
550000.0,312.0,6,,1762.820512820513,Квартира,Евроремонт,наземная,unknown,Совмещенный (3)
1000000.0,184.0,4,,5434.782608695652,Квартира,Евроремонт,подземная,Лоджия (1),"Совмещенный (2), Раздельный (1)"
52000.0,52.0,2,,1000.0,Квартира,Косметический,наземная,Лоджия (1),Раздельный (1)
55000.0,38.0,1,2.8,1447.3684210526317,Квартира,unknown,подземная,Лоджия (1),Совмещенный (1)
55000.0,33.0,1,2.64,1666.6666666666667,Квартира,Дизайнерский,unknown,unknown,unknown
55000.0,50.0,2,2.64,1100.0,Квартира,Евроремонт,наземная,Балкон (1),Совмещенный (1)
55000.0,45.0,2,,1222.2222222222222,Квартира,Косметический,наземная,Балкон (1),Раздельный (1)
55000.0,55.0,2,2.64,1000.0,Квартира,Косметический,наземная,Балкон (1),Раздельный (1)
56000.0,45.0,2,,1244.4444444444443,Квартира,unknown,наземная,Балкон (1),Раздельный (1)
57000.0,45.0,2,2.6,1266.6666666666667,Квартира,unknown,unknown,Балкон (1),Раздельный (1)
57000.0,70.0,2,,814.2857142857143,Квартира,Косметический,unknown,unknown,unknown
59000.0,35.0,1,2.64,1685.7142857142858,Квартира,Евроремонт,наземная,unknown,Совмещенный (1)
60000.0,50.0,2,,1200.0,Квартира,Евроремонт,unknown,Лоджия (1),Раздельный (1)
60000.0,62.0,2,3.0,967.741935483871,Квартира,unknown,unknown,Балкон (1),Раздельный (1)
60000.0,54.0,1,,1111.111111111111,Квартира,Косметический,unknown,Балкон (1),Совмещенный (1)
60000.0,54.0,2,2.48,1111.111111111111,Квартира,Косметический,unknown,Балкон (1),Раздельный (1)
60000.0,78.0,3,,769.2307692307693,Квартира,Косметический,наземная,Лоджия (2),Совмещенный (1)
60000.0,50.0,2,,1200.0,Квартира,Косметический,наземная,Балкон (1),Раздельный (1)
60000.0,40.0,2,2.64,1500.0,Квартира,Дизайнерский,unknown,"Балкон (1), Лоджия (1)",Совмещенный (1)
60000.0,55.0,2,2.64,1090.909090909091,Квартира,Косметический,unknown,Балкон (2),Раздельный (1)
60000.0,37.2,1,2.52,1612.9032258064515,Квартира,Дизайнерский,unknown,unknown,Совмещенный (1)
65000.0,38.0,2,,1710.5263157894738,Квартира,Евроремонт,unknown,Балкон (1),unknown
65000.0,38.0,1,2.6,1710.5263157894738,Квартира,unknown,unknown,unknown,Совмещенный (1)
65000.0,50.0,2,2.48,1300.0,Квартира,Евроремонт,наземная,unknown,Совмещенный (1)
120000.0,120.0,3,3.2,1000.0,Квартира,Евроремонт,наземная,Балкон (1),Совмещенный (2)
85000.0,60.0,2,,1416.6666666666667,Квартира,Евроремонт,подземная,unknown,Совмещенный (1)
65000.0,65.0,2,,1000.0,Квартира,Евроремонт,наземная,Лоджия (1),Совмещенный (1)
70000.0,38.0,2,,1842.1052631578948,Квартира,Дизайнерский,подземная,unknown,Совмещенный (1)
55000.0,50.0,2,2.5,1100.0,Квартира,unknown,unknown,unknown,Совмещенный (1)
55000.0,50.0,2,2.5,1100.0,Квартира,Дизайнерский,наземная,unknown,Совмещенный (1)
70000.0,80.0,3,2.6,875.0,Квартира,Дизайнерский,наземная,Лоджия (3),Раздельный (1)
75000.0,54.0,2,,1388.888888888889,Квартира,Евроремонт,наземная,Балкон (1),Раздельный (1)
75000.0,55.0,2,2.8,1363.6363636363637,Квартира,Дизайнерский,наземная,Лоджия (1),Раздельный (1)
70000.0,38.0,2,,1842.1052631578948,Квартира,Дизайнерский,подземная,unknown,Совмещенный (1)
65000.0,64.0,2,3.0,1015.625,Квартира,Евроремонт,наземная,Лоджия (1),Совмещенный (1)
150000.0,110.0,4,3.2,1363.6363636363637,Квартира,unknown,подземная,Лоджия (1),Совмещенный (2)
52000.0,52.0,2,2.75,1000.0,Квартира,Косметический,наземная,Балкон (1),Раздельный (1)
54650.0,45.0,2,2.64,1214.4444444444443,Квартира,Косметический,наземная,Балкон (1),Совмещенный (1)
55000.0,64.0,2,,859.375,Квартира,Евроремонт,наземная,"Балкон (1), Лоджия (1)",Раздельный (1)
55000.0,73.0,3,,753.4246575342465,Квартира,Косметический,unknown,Лоджия (2),Раздельный (1)
55000.0,42.0,1,3.0,1309.5238095238096,Квартира,Евроремонт,подземная,unknown,Совмещенный (1)
55000.0,39.0,1,,1410.2564102564102,Квартира,Евроремонт,открытая,unknown,Совмещенный (1)
55000.0,40.0,1,2.7,1375.0,Квартира,unknown,unknown,Балкон (1),Совмещенный (1)
55000.0,43.0,2,2.5,1279.0697674418604,Квартира,unknown,unknown,Балкон (1),Совмещенный (1)
55000.0,45.0,2,2.64,1222.2222222222222,Квартира,Евроремонт,unknown,Балкон (1),Раздельный (1)
55000.0,52.0,2,,1057.6923076923076,Квартира,Косметический,unknown,Балкон (1),Раздельный (1)
56000.0,35.4,1,,1581.9209039548023,Квартира,Евроремонт,наземная,Лоджия (1),Совмещенный (1)
58000.0,54.4,3,2.64,1066.1764705882354,Квартира,Евроремонт,наземная,unknown,Совмещенный (1)
60000.0,36.0,1,,1666.6666666666667,Квартира,unknown,unknown,Балкон (1),Совмещенный (1)
60000.0,80.0,3,2.64,750.0,Квартира,Евроремонт,unknown,Лоджия (2),Раздельный (1)
60000.0,56.0,2,,1071.4285714285713,Квартира,Косметический,наземная,Лоджия (2),Раздельный (1)
60000.0,55.0,2,,1090.909090909091,Квартира,Косметический,unknown,Лоджия (1),Совмещенный (1)
60000.0,58.0,2,,1034.4827586206898,Квартира,Евроремонт,наземная,Лоджия (1),Совмещенный (1)
60000.0,40.0,1,,1500.0,Квартира,Косметический,unknown,unknown,unknown
65000.0,58.0,2,,1120.6896551724137,Квартира,unknown,unknown,unknown,Совмещенный (1)
68000.0,81.0,3,2.6,839.5061728395061,Квартира,unknown,unknown,Лоджия (1),Совмещенный (1)
70000.0,60.0,3,2.7,1166.6666666666667,Квартира,unknown,unknown,Лоджия (1),Раздельный (1)
70000.0,42.0,1,,1666.6666666666667,Квартира,Евроремонт,unknown,Лоджия (1),Совмещенный (1)
75000.0,50.0,2,3.0,1500.0,Квартира,Дизайнерский,подземная,unknown,Совмещенный (1)
78000.0,53.0,2,2.7,1471.698113207547,Квартира,unknown,unknown,Балкон (2),"Совмещенный (1), Раздельный (1)"
80000.0,64.0,3,2.64,1250.0,Квартира,Евроремонт,наземная,Лоджия (1),Раздельный (1)
80000.0,64.0,3,2.64,1250.0,Квартира,Евроремонт,наземная,Балкон (2),Раздельный (1)
90000.0,94.0,4,2.7,957.4468085106383,Квартира,unknown,unknown,Балкон (3),"Совмещенный (1), Раздельный (1)"
150000.0,110.0,4,,1363.6363636363637,Квартира,Дизайнерский,подземная,Балкон (1),Совмещенный (2)
53000.0,39.0,1,,1358.974358974359,Квартира,Евроремонт,unknown,Балкон (1),unknown
54000.0,52.0,1,2.75,1038.4615384615386,Квартира,Косметический,unknown,Лоджия (1),Совмещенный (1)
55000.0,54.1,1,,1016.6358595194084,Квартира,Дизайнерский,unknown,Балкон (1),Совмещенный (1)
55000.0,52.0,2,,1057.6923076923076,Квартира,Евроремонт,unknown,Балкон (1),Раздельный (1)
55000.0,52.0,2,,1057.6923076923076,Квартира,Косметический,unknown,Балкон (1),unknown
55000.0,36.0,1,,1527.7777777777778,Квартира,Косметический,unknown,unknown,unknown
55000.0,50.0,2,2.48,1100.0,Квартира,Евроремонт,unknown,Лоджия (1),Раздельный (1)
55000.0,40.0,1,2.7,1375.0,Квартира,Евроремонт,наземная,"Балкон (1), Лоджия (1)",Совмещенный (1)
55000.0,71.0,3,2.64,774.6478873239437,Квартира,Косметический,наземная,unknown,Раздельный (1)
60000.0,37.0,1,2.64,1621.6216216216217,Квартира,Евроремонт,подземная,Лоджия (1),Совмещенный (1)
60000.0,45.0,2,2.64,1333.3333333333333,Квартира,Косметический,unknown,Балкон (1),Совмещенный (1)
60000.0,41.0,1,2.75,1463.4146341463415,Квартира,Евроремонт,многоуровневая,Лоджия (1),Совмещенный (1)
63000.0,35.0,2,3.0,1800.0,Квартира,Дизайнерский,наземная,unknown,Совмещенный (1)
65000.0,35.0,1,,1857.142857142857,Квартира,Евроремонт,unknown,unknown,Совмещенный (1)
65000.0,40.0,1,,1625.0,Квартира,Евроремонт,наземная,Балкон (1),unknown
65000.0,42.0,2,,1547.6190476190477,Квартира,Дизайнерский,unknown,Балкон (1),unknown
66000.0,35.0,1,,1885.7142857142858,Квартира,Дизайнерский,наземная,unknown,unknown
68000.0,56.0,2,2.8,1214.2857142857142,Квартира,Косметический,наземная,Балкон (1),Раздельный (1)
68500.0,64.0,3,,1070.3125,Квартира,Косметический,открытая,Балкон (1),Раздельный (1)
70000.0,54.0,2,3.0,1296.2962962962963,Квартира,Евроремонт,наземная,unknown,Совмещенный (1)
70000.0,80.0,3,,875.0,Квартира,Косметический,наземная,Балкон (1),Совмещенный (1)
73000.0,40.0,1,,1825.0,Квартира,Дизайнерский,unknown,unknown,Совмещенный (1)
74000.0,39.9,1,,1854.6365914786968,Квартира,Евроремонт,unknown,Балкон (1),Совмещенный (1)
80000.0,67.0,2,,1194.0298507462687,Квартира,Евроремонт,unknown,Балкон (1),Раздельный (1)
105000.0,105.0,3,3.0,1000.0,Квартира,Дизайнерский,подземная,Лоджия (2),"Совмещенный (1), Раздельный (1)"
150000.0,92.0,3,,1630.4347826086957,Квартира,Дизайнерский,unknown,"Балкон (1), Лоджия (1)","Совмещенный (1), Раздельный (1)"
55000.0,42.0,1,,1309.5238095238096,Квартира,Евроремонт,unknown,Балкон (1),Совмещенный (1)
55000.0,53.0,3,2.48,1037.7358490566037,Квартира,Евроремонт,наземная,Балкон (1),Совмещенный (1)
60000.0,39.3,1,2.64,1526.7175572519086,Квартира,Косметический,unknown,Лоджия (2),Раздельный (1)
65000.0,40.0,1,,1625.0,Квартира,Евроремонт,наземная,Балкон (1),unknown
68000.0,85.0,3,2.64,800.0,Квартира,Косметический,unknown,Лоджия (1),Совмещенный (1)
70000.0,70.0,2,2.75,1000.0,Квартира,Дизайнерский,unknown,Лоджия (1),Совмещенный (1)
70000.0,64.0,3,,1093.75,Квартира,Евроремонт,наземная,Лоджия (1),Раздельный (1)
80000.0,60.0,3,2.64,1333.3333333333333,Квартира,Косметический,unknown,Лоджия (1),Совмещенный (1)
80000.0,84.0,3,2.48,952.3809523809524,Квартира,Евроремонт,unknown,Лоджия (1),Совмещенный (1)
90000.0,62.0,2,3.0,1451.6129032258063,Квартира,Косметический,наземная,unknown,unknown
90000.0,94.0,4,3.0,957.4468085106383,Квартира,Косметический,наземная,Балкон (3),unknown
65000.0,75.0,3,2.64,866.6666666666666,Квартира,Косметический,unknown,Балкон (1),Раздельный (1)
55000.0,47.0,2,,1170.212765957447,Квартира,Косметический,unknown,Балкон (1),unknown
64000.0,47.0,2,2.64,1361.7021276595744,Квартира,Евроремонт,unknown,Лоджия (1),Раздельный (1)
65000.0,77.4,3,2.75,839.7932816537467,Квартира,Косметический,unknown,Балкон (1),unknown
70000.0,52.1,2,2.8,1343.5700575815738,Квартира,Евроремонт,unknown,Балкон (2),Совмещенный (1)
85000.0,39.0,1,,2179.4871794871797,Квартира,Евроремонт,unknown,Балкон (1),unknown
130000.0,80.0,3,3.0,1625.0,Квартира,Дизайнерский,открытая,Балкон (1),Совмещенный (2)
150000.0,90.0,3,3.2,1666.6666666666667,Квартира,Дизайнерский,наземная,unknown,Совмещенный (1)
60000.0,58.0,2,,1034.4827586206898,Квартира,Евроремонт,наземная,Лоджия (1),Совмещенный (1)
60000.0,68.0,3,2.48,882.3529411764706,Квартира,Евроремонт,наземная,Лоджия (1),Раздельный (1)
65000.0,25.0,1,3.1,2600.0,Квартира,Дизайнерский,подземная,unknown,Совмещенный (1)
69000.0,55.0,2,2.75,1254.5454545454545,Квартира,Дизайнерский,наземная,unknown,Совмещенный (1)
100000.0,80.0,3,,1250.0,Квартира,Евроремонт,unknown,unknown,unknown
120000.0,105.0,3,,1142.857142857143,Квартира,Дизайнерский,подземная,unknown,Совмещенный (2)
55000.0,42.0,2,,1309.5238095238096,Квартира,unknown,unknown,Лоджия (1),Совмещенный (1)
65000.0,45.0,2,,1444.4444444444443,Квартира,Евроремонт,наземная,unknown,Раздельный (1)
70000.0,71.0,2,2.6,985.9154929577464,Квартира,unknown,unknown,Лоджия (1),Раздельный (1)
80000.0,37.0,2,,2162.162162162162,Квартира,unknown,подземная,unknown,Совмещенный (1)
95000.0,43.0,1,3.1,2209.3023255813955,Квартира,Дизайнерский,подземная,unknown,Совмещенный (1)
160000.0,82.0,3,3.1,1951.219512195122,Квартира,Евроремонт,подземная,unknown,Совмещенный (2)
300000.0,160.0,4,3.2,1875.0,Квартира,Евроремонт,подземная,unknown,Совмещенный (3)
53000.0,45.0,2,,1177.7777777777778,Квартира,Евроремонт,unknown,unknown,Совмещенный (1)
65000.0,75.0,2,,866.6666666666666,Квартира,Евроремонт,наземная,Лоджия (1),Раздельный (1)
80000.0,37.0,2,,2162.162162162162,Квартира,Дизайнерский,unknown,unknown,Совмещенный (1)
90000.0,50.0,2,,1800.0,Квартира,Дизайнерский,подземная,Лоджия (1),Совмещенный (1)
100000.0,100.0,3,,1000.0,Квартира,Евроремонт,unknown,Балкон (1),Раздельный (1)
120000.0,50.0,2,,2400.0,Квартира,Дизайнерский,unknown,Балкон (1),Совмещенный (1)
160000.0,83.0,3,3.2,1927.710843373494,Квартира,Евроремонт,подземная,unknown,Совмещенный (2)
65000.0,59.0,2,2.7,1101.6949152542372,Квартира,unknown,подземная,Балкон (1),"Совмещенный (1), Раздельный (1)"
90000.0,60.0,1,,1500.0,Квартира,Евроремонт,наземная,unknown,Совмещенный (1)
90000.0,65.0,1,,1384.6153846153845,Квартира,unknown,наземная,unknown,Раздельный (1)
70000.0,70.0,3,,1000.0,Квартира,Евроремонт,наземная,Балкон (1),Совмещенный (1)
80000.0,96.0,3,3.0,833.3333333333334,Квартира,unknown,unknown,Балкон (2),Совмещенный (1)
80000.0,40.0,2,3.0,2000.0,Квартира,Евроремонт,подземная,unknown,Совмещенный (1)
90000.0,67.0,1,,1343.2835820895523,Квартира,Евроремонт,наземная,unknown,Совмещенный (1)
100000.0,100.0,4,3.2,1000.0,Квартира,Косметический,многоуровневая,Балкон (1),Раздельный (1)
115000.0,90.0,3,3.0,1277.7777777777778,Квартира,unknown,наземная,Балкон (1),Совмещенный (1)
130000.0,87.0,2,3.0,1494.2528735632184,Квартира,unknown,подземная,Лоджия (1),"Совмещенный (1), Раздельный (1)"
200000.0,73.0,3,,2739.72602739726,Квартира,Дизайнерский,unknown,unknown,unknown
205000.0,95.0,3,,2157.8947368421054,Квартира,Евроремонт,unknown,Лоджия (1),"Совмещенный (1), Раздельный (1)"
51900.0,56.4,2,2.64,920.2127659574468,Квартира,Косметический,наземная,Лоджия (3),Раздельный (1)
53000.0,39.0,2,2.64,1358.974358974359,Квартира,Косметический,unknown,Балкон (1),Совмещенный (1)
55000.0,39.5,2,,1392.4050632911392,Квартира,Евроремонт,unknown,unknown,Совмещенный (1)
55000.0,44.0,2,,1250.0,Квартира,Евроремонт,unknown,Балкон (1),Совмещенный (1)
55000.0,74.2,2,2.6,741.2398921832884,Квартира,Евроремонт,наземная,"Балкон (1), Лоджия (1)",Раздельный (1)
58000.0,56.2,3,2.6,1032.0284697508896,Квартира,Косметический,unknown,unknown,"Совмещенный (1), Раздельный (1)"
65000.0,55.9,2,2.5,1162.7906976744187,Квартира,Евроремонт,unknown,unknown,"Совмещенный (1), Раздельный (1)"
65000.0,58.0,2,2.64,1120.6896551724137,Квартира,Евроремонт,наземная,Лоджия (1),Раздельный (1)
65000.0,46.0,1,,1413.0434782608695,Квартира,Евроремонт,наземная,Лоджия (1),Совмещенный (1)
67000.0,64.0,2,2.75,1046.875,Квартира,Дизайнерский,открытая,Лоджия (2),Совмещенный (1)
69000.0,62.9,3,2.8,1096.97933227345,Квартира,Евроремонт,unknown,Балкон (2),Раздельный (1)
70000.0,37.4,2,,1871.6577540106953,Квартира,Дизайнерский,unknown,unknown,Совмещенный (1)
80000.0,95.0,3,,842.1052631578947,Квартира,Косметический,наземная,Балкон (2),Совмещенный (1)
80100.0,65.0,2,3.2,1232.3076923076924,Квартира,Евроремонт,unknown,Балкон (1),Раздельный (1)
99000.0,65.0,2,,1523.076923076923,Квартира,Дизайнерский,наземная,Балкон (1),Совмещенный (1)
100000.0,51.0,2,,1960.7843137254902,Квартира,Евроремонт,unknown,unknown,Совмещенный (1)
110000.0,106.0,3,,1037.7358490566037,Квартира,Евроремонт,unknown,Балкон (2),unknown
115000.0,90.0,4,,1277.7777777777778,Квартира,Евроремонт,подземная,Балкон (1),Раздельный (2)
115000.0,90.0,3,3.0,1277.7777777777778,Квартира,Дизайнерский,наземная,Лоджия (1),Совмещенный (1)
130000.0,80.0,3,3.2,1625.0,Квартира,Евроремонт,наземная,"Балкон (1), Лоджия (1)",Совмещенный (2)
130000.0,87.0,2,3.0,1494.2528735632184,Квартира,Дизайнерский,подземная,Балкон (1),"Совмещенный (1), Раздельный (2)"
150600.0,73.4,3,3.2,2051.771117166212,Квартира,Евроремонт,наземная,unknown,Совмещенный (2)
160000.0,83.0,3,,1927.710843373494,Квартира,Дизайнерский,подземная,unknown,Совмещенный (2)
185000.0,112.0,3,3.2,1651.7857142857142,Квартира,Дизайнерский,подземная,unknown,unknown
57500.0,22.0,1,,2613.6363636363635,Квартира,Дизайнерский,unknown,unknown,Совмещенный (1)
65000.0,55.0,1,2.7,1181.8181818181818,Квартира,unknown,подземная,Балкон (1),Раздельный (1)
80000.0,90.0,3,2.6,888.8888888888889,Квартира,unknown,наземная,unknown,Совмещенный (2)
60000.0,47.0,2,,1276.595744680851,Квартира,Евроремонт,наземная,Лоджия (1),Совмещенный (1)
60000.0,68.0,3,2.5,882.3529411764706,Квартира,Косметический,наземная,Балкон (1),Раздельный (1)
60000.0,63.0,2,,952.3809523809524,Квартира,Евроремонт,наземная,Балкон (1),Раздельный (1)
65000.0,55.0,1,2.75,1181.8181818181818,Квартира,Косметический,unknown,Балкон (1),Раздельный (1)
70000.0,78.01,2,2.8,897.3208563004742,Квартира,Дизайнерский,unknown,Лоджия (2),"Совмещенный (1), Раздельный (1)"
85000.0,90.0,3,,944.4444444444445,Квартира,Евроремонт,unknown,unknown,Совмещенный (2)
55000.0,60.0,2,,916.6666666666666,Квартира,Евроремонт,unknown,Лоджия (1),Совмещенный (1)
55000.0,58.0,2,,948.2758620689655,Квартира,unknown,unknown,unknown,Раздельный (1)
70000.0,103.0,3,3.0,679.6116504854369,Квартира,unknown,unknown,unknown,Совмещенный (1)
75000.0,39.0,1,,1923.076923076923,Квартира,Евроремонт,подземная,unknown,Совмещенный (1)
80000.0,115.0,2,3.2,695.6521739130435,Квартира,unknown,подземная,Лоджия (1),Совмещенный (2)
80000.0,53.0,1,,1509.433962264151,Квартира,unknown,наземная,unknown,Совмещенный (1)
80000.0,79.0,3,,1012.6582278481013,Квартира,Евроремонт,наземная,Балкон (1),Совмещенный (1)
85000.0,80.0,3,3.0,1062.5,Квартира,Евроремонт,наземная,unknown,Совмещенный (1)
100000.0,100.0,4,,1000.0,Квартира,Косметический,наземная,unknown,Раздельный (1)
80000.0,89.0,3,,898.876404494382,Квартира,Евроремонт,подземная,Лоджия (1),Раздельный (2)
90000.0,89.0,2,,1011.2359550561798,Квартира,unknown,unknown,unknown,unknown
80000.0,89.0,3,,898.876404494382,Квартира,Евроремонт,открытая,Лоджия (1),Раздельный (2)
55000.0,66.0,2,,833.3333333333334,Квартира,Дизайнерский,подземная,Лоджия (2),Раздельный (1)
70000.0,55.1,2,,1270.4174228675136,Квартира,Дизайнерский,подземная,Балкон (1),Совмещенный (1)
140000.0,131.0,3,,1068.7022900763359,Квартира,Дизайнерский,unknown,Балкон (1),unknown
55000.0,49.0,1,3.0,1122.4489795918366,Квартира,Евроремонт,подземная,Лоджия (1),Совмещенный (1)
55000.0,68.5,2,2.6,802.9197080291971,Квартира,Дизайнерский,подземная,Лоджия (1),"Совмещенный (1), Раздельный (1)"
59000.0,62.9,2,,937.9968203497615,Квартира,Евроремонт,unknown,Балкон (1),"Совмещенный (1), Раздельный (1)"
90000.0,145.0,3,3.0,620.6896551724138,Квартира,Евроремонт,наземная,Балкон (1),"Совмещенный (2), Раздельный (2)"
60000.0,64.7,2,,927.3570324574961,Квартира,Евроремонт,unknown,Балкон (1),"Совмещенный (2), Раздельный (1)"
80000.0,55.0,1,,1454.5454545454545,Квартира,unknown,подземная,Лоджия (1),Совмещенный (1)
85000.0,89.0,3,,955.056179775281,Квартира,unknown,unknown,Лоджия (1),"Совмещенный (1), Раздельный (1)"
90000.0,89.0,2,,1011.2359550561798,Квартира,Дизайнерский,unknown,Балкон (1),unknown
55000.0,56.0,2,,982.1428571428571,Квартира,Дизайнерский,подземная,Лоджия (1),Совмещенный (1)
70000.0,80.0,2,,875.0,Квартира,Дизайнерский,подземная,Лоджия (1),Совмещенный (1)
80000.0,54.0,1,,1481.4814814814815,Квартира,Евроремонт,unknown,Лоджия (1),Совмещенный (1)
85000.0,99.4,2,,855.1307847082494,Квартира,Евроремонт,unknown,Лоджия (1),unknown
85000.0,77.0,2,2.8,1103.8961038961038,Квартира,Косметический,подземная,Лоджия (1),Раздельный (2)
90000.0,89.0,3,,1011.2359550561798,Квартира,Евроремонт,unknown,"Балкон (1), Лоджия (2)",Раздельный (2)
53000.0,35.0,1,2.6,1514.2857142857142,Квартира,Дизайнерский,наземная,unknown,Совмещенный (1)
60000.0,86.0,2,,697.6744186046511,Квартира,Дизайнерский,подземная,Лоджия (1),Раздельный (1)
60000.0,54.0,2,,1111.111111111111,Квартира,Евроремонт,открытая,Лоджия (1),Раздельный (1)
65000.0,54.0,2,2.7,1203.7037037037037,Квартира,Дизайнерский,unknown,Балкон (1),Раздельный (1)
90000.0,60.0,2,,1500.0,Квартира,unknown,unknown,Лоджия (1),Совмещенный (1)
59000.0,78.0,3,,756.4102564102565,Квартира,unknown,unknown,Балкон (3),Раздельный (2)
60000.0,73.8,2,,813.0081300813008,Квартира,Евроремонт,открытая,"Балкон (1), Лоджия (1)",Совмещенный (1)
57000.0,74.0,3,,770.2702702702703,Квартира,Евроремонт,unknown,Балкон (1),Раздельный (1)
60000.0,90.0,3,,666.6666666666666,Квартира,Евроремонт,наземная,Лоджия (1),Совмещенный (1)
60000.0,73.0,2,,821.917808219178,Квартира,Евроремонт,unknown,unknown,unknown
60000.0,95.0,3,,631.578947368421,Квартира,Евроремонт,наземная,unknown,unknown
70000.0,80.0,3,,875.0,Квартира,Евроремонт,unknown,Балкон (1),unknown
60000.0,90.0,3,,666.6666666666666,Квартира,Евроремонт,наземная,Балкон (1),"Совмещенный (1), Раздельный (1)"
70000.0,90.0,2,,777.7777777777778,Квартира,Евроремонт,подземная,Лоджия (1),Раздельный (1)
69000.0,112.0,3,,616.0714285714286,Квартира,unknown,unknown,Лоджия (1),Совмещенный (2)
75000.0,90.0,3,,833.3333333333334,Квартира,unknown,подземная,Лоджия (1),Совмещенный (1)
70000.0,49.0,2,2.6,1428.5714285714287,Квартира,Дизайнерский,наземная,unknown,unknown
80000.0,120.0,4,,666.6666666666666,Квартира,unknown,unknown,unknown,Совмещенный (1)
150000.0,115.0,4,,1304.3478260869565,Квартира,Дизайнерский,unknown,Лоджия (1),Совмещенный (2)
390000.0,186.0,4,,2096.7741935483873,Квартира,Дизайнерский,unknown,unknown,unknown
60000.0,54.0,3,3.1,1111.111111111111,Квартира,Дизайнерский,подземная,Лоджия (1),Раздельный (1)
60000.0,60.0,2,,1000.0,Квартира,Евроремонт,открытая,Лоджия (1),Совмещенный (1)
70000.0,86.0,2,,813.953488372093,Квартира,Дизайнерский,открытая,Лоджия (1),Раздельный (1)
70000.0,114.0,3,,614.0350877192982,Квартира,Евроремонт,unknown,unknown,Совмещенный (1)
80000.0,65.0,2,,1230.7692307692307,Квартира,Дизайнерский,подземная,unknown,Совмещенный (1)
90000.0,113.0,3,,796.4601769911504,Квартира,Евроремонт,открытая,Балкон (1),Раздельный (2)
55000.0,54.0,2,,1018.5185185185185,Квартира,Евроремонт,открытая,Балкон (1),Совмещенный (1)
75000.0,49.0,2,,1530.6122448979593,Квартира,Дизайнерский,подземная,unknown,Совмещенный (1)
80000.0,100.0,3,3.0,800.0,Квартира,unknown,unknown,Балкон (2),Раздельный (1)
75000.0,65.0,2,3.0,1153.8461538461538,Квартира,Дизайнерский,наземная,unknown,Совмещенный (1)
65000.0,60.0,2,,1083.3333333333333,Квартира,Евроремонт,unknown,Лоджия (1),Совмещенный (1)
56000.0,65.0,3,2.6,861.5384615384615,Квартира,Евроремонт,наземная,Балкон (1),unknown
65000.0,95.5,3,2.75,680.6282722513089,Квартира,Евроремонт,подземная,Балкон (1),Совмещенный (2)
65000.0,96.0,3,3.0,677.0833333333334,Квартира,Дизайнерский,unknown,unknown,Совмещенный (1)
80000.0,60.0,2,2.8,1333.3333333333333,Квартира,Евроремонт,наземная,Лоджия (2),Совмещенный (1)
90000.0,151.0,4,,596.0264900662252,Квартира,unknown,unknown,unknown,Совмещенный (1)
90000.0,86.0,3,,1046.5116279069769,Квартира,Дизайнерский,подземная,unknown,unknown
60000.0,86.0,2,,697.6744186046511,Квартира,Евроремонт,подземная,Лоджия (1),Раздельный (1)
65000.0,76.0,2,,855.2631578947369,Квартира,Дизайнерский,открытая,unknown,Совмещенный (1)
70000.0,80.0,3,3.5,875.0,Квартира,Евроремонт,подземная,unknown,Совмещенный (1)
60000.0,67.0,3,,895.5223880597015,Квартира,Евроремонт,открытая,Балкон (1),Раздельный (1)
68000.0,72.0,2,,944.4444444444445,Квартира,Дизайнерский,подземная,Лоджия (1),Раздельный (1)
68000.0,80.0,2,,850.0,Квартира,Евроремонт,подземная,Лоджия (1),Раздельный (1)
55000.0,53.0,2,,1037.7358490566037,Квартира,Дизайнерский,подземная,Лоджия (1),Раздельный (1)
55000.0,41.5,1,,1325.301204819277,Квартира,Евроремонт,unknown,Лоджия (1),Совмещенный (1)
58000.0,75.0,2,,773.3333333333334,Квартира,unknown,наземная,Лоджия (1),Совмещенный (2)
53000.0,35.0,2,,1514.2857142857142,Квартира,Евроремонт,unknown,unknown,Совмещенный (1)
58000.0,90.0,3,,644.4444444444445,Квартира,unknown,наземная,unknown,unknown
60000.0,48.0,1,,1250.0,Квартира,Евроремонт,unknown,unknown,unknown
60000.0,48.0,1,,1250.0,Квартира,Евроремонт,unknown,unknown,unknown
60000.0,74.0,2,,810.8108108108108,Квартира,unknown,unknown,unknown,unknown
62000.0,110.0,3,,563.6363636363636,Квартира,Евроремонт,наземная,Лоджия (2),Совмещенный (2)
65000.0,54.0,2,,1203.7037037037037,Квартира,unknown,unknown,unknown,Раздельный (1)
70000.0,53.0,1,,1320.754716981132,Квартира,Дизайнерский,подземная,Лоджия (1),Совмещенный (1)
65000.0,88.0,3,,738.6363636363636,Квартира,Евроремонт,подземная,Балкон (1),Совмещенный (2)
69000.0,49.0,2,,1408.1632653061224,Квартира,Косметический,unknown,unknown,Совмещенный (1)
70000.0,88.0,3,,795.4545454545455,Квартира,Евроремонт,unknown,Лоджия (1),"Совмещенный (1), Раздельный (1)"
70000.0,100.0,3,,700.0,Квартира,Евроремонт,unknown,unknown,Совмещенный (1)
70000.0,100.0,3,4.0,700.0,Квартира,Дизайнерский,наземная,unknown,"Совмещенный (1), Раздельный (1)"
70000.0,49.0,2,,1428.5714285714287,Квартира,unknown,подземная,unknown,Совмещенный (1)
75000.0,70.0,2,,1071.4285714285713,Квартира,Косметический,unknown,Лоджия (1),Совмещенный (1)
75000.0,68.0,3,,1102.9411764705883,Квартира,unknown,unknown,Балкон (1),Раздельный (1)
75000.0,100.0,3,,750.0,Квартира,Евроремонт,открытая,unknown,unknown
80000.0,115.0,3,,695.6521739130435,Квартира,unknown,наземная,Балкон (1),unknown
85000.0,92.0,3,,923.9130434782609,Квартира,Евроремонт,подземная,unknown,Раздельный (1)
88000.0,65.0,2,,1353.8461538461538,Квартира,Евроремонт,unknown,unknown,Совмещенный (1)
89000.0,150.0,4,,593.3333333333334,Квартира,Евроремонт,наземная,unknown,unknown
95000.0,151.0,4,,629.1390728476821,Квартира,Косметический,unknown,unknown,Совмещенный (1)
95000.0,150.0,4,,633.3333333333334,Квартира,unknown,unknown,unknown,"Совмещенный (1), Раздельный (1)"
150000.0,115.0,4,,1304.3478260869565,Квартира,Евроремонт,unknown,Балкон (1),unknown
100000.0,113.0,5,,884.9557522123894,Квартира,Евроремонт,unknown,Балкон (2),Раздельный (2)
60000.0,55.0,2,,1090.909090909091,Квартира,Евроремонт,подземная,Балкон (1),Раздельный (1)
65000.0,75.0,3,2.8,866.6666666666666,Квартира,Евроремонт,наземная,unknown,"Совмещенный (1), Раздельный (1)"
83000.0,80.0,3,2.7,1037.5,Квартира,Евроремонт,подземная,"Балкон (1), Лоджия (1)",Раздельный (1)
70000.0,66.7,2,,1049.4752623688155,Квартира,Евроремонт,unknown,Лоджия (1),"Совмещенный (1), Раздельный (1)"
90000.0,117.0,3,,769.2307692307693,Квартира,Евроремонт,наземная,"Балкон (1), Лоджия (1)",unknown
83000.0,80.0,3,,1037.5,Квартира,unknown,подземная,unknown,Совмещенный (1)
52000.0,62.0,2,2.8,838.7096774193549,Квартира,Евроремонт,наземная,Лоджия (2),Совмещенный (1)
60000.0,67.0,2,2.7,895.5223880597015,Квартира,unknown,unknown,Балкон (1),Раздельный (1)
52000.0,52.0,2,2.64,1000.0,Квартира,Дизайнерский,наземная,Балкон (1),Раздельный (1)
52000.0,50.2,2,2.64,1035.8565737051792,Квартира,Евроремонт,unknown,unknown,Раздельный (1)
53000.0,40.0,2,2.64,1325.0,Квартира,Евроремонт,наземная,unknown,Совмещенный (1)
55000.0,58.0,2,2.6,948.2758620689655,Квартира,unknown,unknown,Лоджия (1),Раздельный (1)
55000.0,64.0,2,3.0,859.375,Квартира,unknown,наземная,Лоджия (1),Совмещенный (1)
55000.0,65.0,3,2.64,846.1538461538462,Квартира,Косметический,unknown,Лоджия (1),Раздельный (1)
55000.0,75.0,3,2.64,733.3333333333334,Квартира,Косметический,unknown,Лоджия (1),Раздельный (1)
55000.0,72.0,2,,763.8888888888889,Квартира,Евроремонт,наземная,Лоджия (1),Раздельный (1)
55000.0,75.0,3,2.64,733.3333333333334,Квартира,Косметический,наземная,Балкон (1),Раздельный (1)
55000.0,80.0,3,2.64,687.5,Квартира,Косметический,наземная,Лоджия (1),Раздельный (1)
55000.0,74.0,3,,743.2432432432432,Квартира,Косметический,unknown,Лоджия (1),Совмещенный (1)
57000.0,75.0,3,,760.0,Квартира,Евроремонт,unknown,"Балкон (1), Лоджия (1)",unknown
58000.0,55.0,2,,1054.5454545454545,Квартира,Евроремонт,наземная,Балкон (1),Раздельный (1)
58500.0,79.0,3,2.6,740.506329113924,Квартира,unknown,unknown,Балкон (2),Раздельный (1)
60000.0,75.1,3,,798.9347536617844,Квартира,Евроремонт,unknown,Лоджия (1),Раздельный (1)
60000.0,42.0,1,,1428.5714285714287,Квартира,unknown,подземная,unknown,Совмещенный (1)
60000.0,55.0,2,2.6,1090.909090909091,Квартира,unknown,unknown,Балкон (1),Раздельный (1)
60000.0,57.0,2,,1052.6315789473683,Квартира,Дизайнерский,unknown,Балкон (1),Совмещенный (1)
60000.0,88.0,4,,681.8181818181819,Квартира,Косметический,unknown,Балкон (1),Совмещенный (2)
60000.0,65.0,2,,923.0769230769231,Квартира,Евроремонт,наземная,Лоджия (1),Раздельный (1)
60000.0,66.0,2,,909.0909090909091,Квартира,Евроремонт,наземная,Балкон (1),Раздельный (1)
65000.0,83.0,3,3.0,783.1325301204819,Квартира,Евроремонт,unknown,Балкон (2),Раздельный (1)
65000.0,52.0,2,,1250.0,Квартира,unknown,unknown,unknown,Раздельный (1)
65000.0,58.0,2,2.84,1120.6896551724137,Квартира,Евроремонт,наземная,Балкон (1),Раздельный (2)
65000.0,57.4,2,,1132.404181184669,Квартира,Косметический,подземная,Балкон (1),Раздельный (1)
65000.0,40.0,1,,1625.0,Квартира,Дизайнерский,подземная,unknown,unknown
65000.0,100.0,4,2.7,650.0,Квартира,Евроремонт,unknown,Балкон (1),Совмещенный (1)
67000.0,74.0,3,2.6,905.4054054054054,Квартира,unknown,наземная,Лоджия (1),Раздельный (1)
68000.0,74.0,3,2.64,918.918918918919,Квартира,Косметический,unknown,"Балкон (1), Лоджия (2)",Раздельный (1)
70000.0,87.0,3,,804.5977011494252,Квартира,unknown,наземная,unknown,"Совмещенный (1), Раздельный (1)"
70000.0,70.0,3,3.0,1000.0,Квартира,Евроремонт,подземная,unknown,Совмещенный (1)
110000.0,110.0,3,2.8,1000.0,Квартира,unknown,наземная,"Балкон (2), Лоджия (1)","Совмещенный (1), Раздельный (1)"
165000.0,130.0,3,3.0,1269.2307692307693,Квартира,Дизайнерский,подземная,unknown,Совмещенный (2)
250000.0,180.0,5,,1388.888888888889,Квартира,unknown,подземная,unknown,"Совмещенный (1), Раздельный (3)"
52600.0,53.8,2,2.6,977.6951672862454,Квартира,Евроремонт,unknown,unknown,"Совмещенный (1), Раздельный (1)"
65000.0,60.0,2,2.64,1083.3333333333333,Квартира,Евроремонт,unknown,Балкон (1),Раздельный (1)
56700.0,60.0,2,2.5,945.0,Квартира,Косметический,наземная,unknown,"Совмещенный (1), Раздельный (1)"
62800.0,71.9,3,2.6,873.4353268428372,Квартира,Косметический,unknown,unknown,"Совмещенный (1), Раздельный (1)"
65000.0,58.9,3,2.78,1103.565365025467,Квартира,Евроремонт,unknown,unknown,Раздельный (1)
75000.0,60.0,2,2.8,1250.0,Квартира,Евроремонт,наземная,unknown,Раздельный (1)
75000.0,76.0,3,2.64,986.8421052631579,Квартира,Косметический,unknown,unknown,unknown
85000.0,66.0,3,,1287.878787878788,Квартира,unknown,подземная,unknown,Совмещенный (1)
60000.0,51.2,2,2.64,1171.875,Квартира,Евроремонт,unknown,Лоджия (1),Раздельный (1)
85000.0,70.0,3,,1214.2857142857142,Квартира,Евроремонт,подземная,unknown,Совмещенный (1)
70000.0,76.0,3,,921.0526315789474,Квартира,Евроремонт,unknown,Балкон (1),unknown
65000.0,60.0,3,,1083.3333333333333,Квартира,unknown,unknown,Балкон (1),Совмещенный (1)
75000.0,75.0,3,,1000.0,Квартира,Евроремонт,unknown,Балкон (1),Раздельный (1)
85000.0,84.0,3,2.6,1011.9047619047619,Квартира,unknown,наземная,Лоджия (2),Раздельный (1)
90000.0,74.0,2,2.8,1216.2162162162163,Квартира,unknown,подземная,Лоджия (1),Совмещенный (1)
95000.0,88.0,3,,1079.5454545454545,Квартира,unknown,подземная,unknown,Совмещенный (2)
53000.0,53.0,2,2.65,1000.0,Квартира,Косметический,unknown,Лоджия (1),Раздельный (1)
54600.0,59.3,2,2.4,920.7419898819562,Квартира,Евроремонт,unknown,unknown,"Совмещенный (1), Раздельный (1)"
55000.0,67.0,3,,820.8955223880597,Квартира,Косметический,unknown,Лоджия (1),Раздельный (1)
55000.0,42.0,1,2.7,1309.5238095238096,Квартира,unknown,unknown,unknown,Раздельный (1)
55000.0,40.0,2,,1375.0,Квартира,Евроремонт,unknown,unknown,Совмещенный (1)
55000.0,55.5,2,,990.990990990991,Квартира,Евроремонт,unknown,unknown,"Совмещенный (1), Раздельный (1)"
60000.0,50.0,2,2.5,1200.0,Квартира,unknown,unknown,"Балкон (1), Лоджия (1)",Раздельный (1)
60000.0,80.0,3,2.7,750.0,Квартира,Косметический,наземная,Балкон (1),Раздельный (1)
60000.0,60.0,2,,1000.0,Квартира,Евроремонт,unknown,unknown,Совмещенный (2)
60000.0,59.0,2,,1016.9491525423729,Квартира,Евроремонт,наземная,unknown,"Совмещенный (1), Раздельный (1)"
65000.0,86.6,3,,750.5773672055428,Квартира,Евроремонт,unknown,unknown,Раздельный (2)
65000.0,70.0,3,2.5,928.5714285714286,Квартира,unknown,unknown,Лоджия (1),Совмещенный (1)
65000.0,60.0,2,2.7,1083.3333333333333,Квартира,unknown,unknown,Лоджия (2),Совмещенный (1)
65000.0,55.0,2,2.7,1181.8181818181818,Квартира,unknown,наземная,Балкон (1),Раздельный (1)
65000.0,60.0,3,,1083.3333333333333,Квартира,Евроремонт,наземная,Балкон (1),Раздельный (1)
65000.0,85.0,3,,764.7058823529412,Квартира,Евроремонт,наземная,unknown,Раздельный (1)
65000.0,65.0,3,2.64,1000.0,Квартира,Косметический,unknown,"Балкон (1), Лоджия (1)",Раздельный (1)
70000.0,52.0,2,,1346.1538461538462,Квартира,unknown,unknown,unknown,Совмещенный (1)
70000.0,60.0,3,2.7,1166.6666666666667,Квартира,unknown,unknown,unknown,"Совмещенный (1), Раздельный (1)"
70000.0,64.0,3,2.5,1093.75,Квартира,Косметический,unknown,Лоджия (1),Раздельный (1)
70000.0,80.0,3,2.74,875.0,Квартира,Евроремонт,наземная,Лоджия (1),Раздельный (1)
70000.0,60.0,2,,1166.6666666666667,Квартира,Косметический,unknown,Балкон (1),unknown
70000.0,58.0,2,2.74,1206.896551724138,Квартира,Косметический,unknown,Балкон (1),Раздельный (1)
75000.0,86.0,3,,872.0930232558139,Квартира,Евроремонт,unknown,Лоджия (1),unknown
75000.0,95.0,3,,789.4736842105264,Квартира,Евроремонт,наземная,Лоджия (2),Раздельный (1)
85000.0,70.0,2,,1214.2857142857142,Квартира,Косметический,unknown,Лоджия (1),Совмещенный (1)
90000.0,80.0,2,2.8,1125.0,Квартира,Евроремонт,открытая,Лоджия (1),Совмещенный (1)
120000.0,93.0,3,,1290.3225806451612,Квартира,Дизайнерский,unknown,Балкон (1),Совмещенный (1)
77000.0,85.0,4,,905.8823529411765,Квартира,Косметический,unknown,unknown,Совмещенный (1)
62000.0,60.0,3,2.64,1033.3333333333333,Квартира,Евроремонт,наземная,"Балкон (1), Лоджия (1)",Раздельный (1)
51000.0,57.0,2,2.7,894.7368421052631,Квартира,Евроремонт,наземная,Лоджия (1),Раздельный (2)
55000.0,74.0,2,,743.2432432432432,Квартира,Евроремонт,наземная,Балкон (1),Раздельный (1)
95000.0,100.0,4,,950.0,Квартира,Евроремонт,unknown,Лоджия (1),Совмещенный (1)
52000.0,52.0,2,2.9,1000.0,Квартира,Евроремонт,unknown,Лоджия (1),Раздельный (1)
55000.0,40.0,1,3.0,1375.0,Квартира,unknown,наземная,Лоджия (1),Совмещенный (1)
55000.0,45.0,2,2.7,1222.2222222222222,Квартира,unknown,unknown,Балкон (1),Совмещенный (1)
55000.0,60.0,2,,916.6666666666666,Квартира,Евроремонт,наземная,Балкон (1),"Совмещенный (1), Раздельный (1)"
55000.0,58.0,2,,948.2758620689655,Квартира,Евроремонт,наземная,Лоджия (1),Раздельный (1)
55000.0,50.0,1,,1100.0,Квартира,Евроремонт,unknown,Лоджия (1),Совмещенный (1)
55000.0,51.0,2,,1078.4313725490197,Квартира,Евроремонт,наземная,unknown,Раздельный (1)
55000.0,67.0,2,,820.8955223880597,Квартира,Евроремонт,unknown,Балкон (2),"Совмещенный (1), Раздельный (1)"
55000.0,68.0,2,,808.8235294117648,Квартира,Косметический,наземная,Лоджия (1),Раздельный (1)
58000.0,75.0,2,,773.3333333333334,Квартира,Евроремонт,наземная,Лоджия (1),Раздельный (2)
58000.0,68.0,4,2.64,852.9411764705883,Квартира,Косметический,unknown,Лоджия (1),Раздельный (1)
60000.0,70.0,2,,857.1428571428571,Квартира,Косметический,unknown,Балкон (1),Совмещенный (1)
60000.0,72.0,2,,833.3333333333334,Квартира,Евроремонт,unknown,Балкон (2),Совмещенный (1)
60000.0,70.0,2,,857.1428571428571,Квартира,Евроремонт,unknown,Лоджия (1),Раздельный (1)
60000.0,65.0,2,,923.0769230769231,Квартира,Евроремонт,наземная,Лоджия (2),Совмещенный (1)
65000.0,74.0,2,2.8,878.3783783783783,Квартира,unknown,unknown,Лоджия (2),Совмещенный (1)
65000.0,72.0,2,2.8,902.7777777777778,Квартира,unknown,unknown,Лоджия (2),"Совмещенный (1), Раздельный (1)"
65000.0,74.0,2,,878.3783783783783,Квартира,Евроремонт,unknown,Балкон (1),Раздельный (1)
80000.0,100.0,3,,800.0,Квартира,Евроремонт,подземная,Лоджия (2),"Совмещенный (1), Раздельный (1)"
80000.0,92.0,3,2.8,869.5652173913044,Квартира,unknown,unknown,Лоджия (1),"Совмещенный (1), Раздельный (1)"
90000.0,100.0,3,,900.0,Квартира,Евроремонт,подземная,unknown,Раздельный (2)
90000.0,94.0,3,,957.4468085106383,Квартира,unknown,подземная,unknown,Совмещенный (2)
200000.0,162.4,4,2.75,1231.527093596059,Квартира,Дизайнерский,подземная,Лоджия (1),Совмещенный (2)
65000.0,76.0,3,,855.2631578947369,Квартира,Косметический,наземная,Лоджия (1),Совмещенный (1)
85000.0,100.0,3,,850.0,Квартира,Евроремонт,unknown,Балкон (2),Совмещенный (2)
90000.0,112.0,3,,803.5714285714286,Квартира,Дизайнерский,unknown,Лоджия (2),Совмещенный (1)
110000.0,112.0,3,3.15,982.1428571428571,Квартира,Дизайнерский,подземная,Лоджия (2),Совмещенный (2)
69000.0,58.0,2,2.6,1189.655172413793,Квартира,Дизайнерский,unknown,Балкон (1),Раздельный (1)
80000.0,82.6,3,2.8,968.5230024213075,Квартира,Евроремонт,наземная,Лоджия (1),Совмещенный (1)
68000.0,64.0,3,2.64,1062.5,Квартира,Косметический,unknown,Балкон (1),Совмещенный (1)
54000.0,65.0,2,,830.7692307692307,Квартира,Косметический,unknown,Лоджия (2),Совмещенный (1)
55000.0,50.0,1,,1100.0,Квартира,unknown,unknown,Лоджия (1),Раздельный (1)
55000.0,44.0,2,2.6,1250.0,Квартира,unknown,unknown,unknown,Совмещенный (1)
55000.0,57.0,3,2.7,964.9122807017544,Квартира,unknown,unknown,Лоджия (1),Раздельный (1)
57000.0,73.0,2,,780.8219178082192,Квартира,Косметический,открытая,Балкон (1),Раздельный (1)
57000.0,74.0,3,2.7,770.2702702702703,Квартира,Евроремонт,unknown,Балкон (1),Совмещенный (2)
60000.0,64.0,2,,937.5,Квартира,unknown,наземная,"Балкон (1), Лоджия (1)",Совмещенный (1)
65000.0,53.0,3,,1226.4150943396226,Квартира,Евроремонт,наземная,Балкон (1),Раздельный (1)
69000.0,58.0,3,2.6,1189.655172413793,Квартира,Дизайнерский,unknown,Балкон (1),Раздельный (1)
69999.0,77.0,3,,909.077922077922,Квартира,Дизайнерский,unknown,Лоджия (1),Раздельный (1)
70000.0,83.0,2,,843.3734939759037,Квартира,Евроремонт,открытая,Балкон (1),Совмещенный (2)
70000.0,76.0,3,,921.0526315789474,Квартира,Косметический,открытая,Лоджия (1),Раздельный (1)
75000.0,90.2,3,3.0,831.4855875831486,Квартира,Евроремонт,наземная,Лоджия (1),Раздельный (2)
90000.0,73.1,3,2.7,1231.1901504787963,Квартира,Дизайнерский,unknown,Лоджия (2),Совмещенный (1)
100000.0,103.0,3,,970.8737864077669,Квартира,Евроремонт,наземная,Лоджия (1),Раздельный (2)
180000.0,160.0,4,,1125.0,Квартира,Евроремонт,подземная,Балкон (1),Совмещенный (2)
55000.0,53.0,3,,1037.7358490566037,Квартира,Евроремонт,unknown,Балкон (1),Раздельный (1)
55000.0,44.0,2,,1250.0,Квартира,Косметический,unknown,Балкон (1),Раздельный (1)
56500.0,53.0,2,,1066.0377358490566,Квартира,Евроремонт,открытая,Балкон (1),Раздельный (1)
60000.0,74.0,2,3.0,810.8108108108108,Квартира,Евроремонт,unknown,Балкон (2),unknown
60000.0,34.0,1,2.64,1764.7058823529412,Квартира,Евроремонт,unknown,unknown,Совмещенный (1)
60000.0,80.0,3,2.48,750.0,Квартира,Евроремонт,наземная,Балкон (1),Совмещенный (1)
60000.0,75.0,2,,800.0,Квартира,Евроремонт,unknown,Балкон (1),Раздельный (1)
65000.0,70.0,2,,928.5714285714286,Квартира,Дизайнерский,unknown,Балкон (1),Раздельный (1)
65000.0,50.0,2,2.6,1300.0,Квартира,Дизайнерский,unknown,Лоджия (2),Совмещенный (1)
65000.0,56.0,2,3.0,1160.7142857142858,Квартира,Косметический,наземная,Лоджия (1),Раздельный (1)
68000.0,58.0,3,,1172.4137931034484,Квартира,Евроремонт,unknown,Балкон (1),unknown
70000.0,96.0,3,,729.1666666666666,Квартира,Евроремонт,unknown,Балкон (1),unknown
70000.0,75.0,3,2.64,933.3333333333334,Квартира,Евроремонт,наземная,Лоджия (1),Совмещенный (1)
70000.0,65.0,2,,1076.923076923077,Квартира,Косметический,unknown,"Балкон (1), Лоджия (1)",Раздельный (1)
70000.0,75.0,3,3.2,933.3333333333334,Квартира,Евроремонт,наземная,Балкон (1),Раздельный (1)
71000.0,55.0,1,,1290.909090909091,Квартира,Косметический,открытая,Лоджия (1),Совмещенный (1)
75000.0,87.0,3,,862.0689655172414,Квартира,Евроремонт,unknown,Лоджия (1),"Совмещенный (1), Раздельный (1)"
80000.0,90.0,2,2.7,888.8888888888889,Квартира,Евроремонт,наземная,Лоджия (1),Совмещенный (2)
81000.0,74.0,2,3.0,1094.5945945945946,Квартира,Дизайнерский,наземная,Лоджия (2),Раздельный (1)
95000.0,98.0,4,,969.3877551020408,Квартира,Евроремонт,unknown,unknown,Раздельный (1)
100000.0,130.0,4,,769.2307692307693,Квартира,Евроремонт,unknown,Лоджия (1),Совмещенный (2)
110000.0,100.0,3,,1100.0,Квартира,Евроремонт,unknown,Лоджия (1),"Совмещенный (1), Раздельный (1)"
130000.0,125.0,4,3.0,1040.0,Квартира,Евроремонт,unknown,Лоджия (3),unknown
150000.0,120.0,3,,1250.0,Квартира,Дизайнерский,unknown,Лоджия (2),Совмещенный (2)
55000.0,55.0,2,,1000.0,Квартира,Косметический,наземная,Лоджия (1),Совмещенный (1)
55000.0,44.0,2,2.55,1250.0,Квартира,Евроремонт,наземная,unknown,Совмещенный (1)
55000.0,77.7,3,2.95,707.8507078507079,Квартира,Косметический,unknown,Балкон (1),Раздельный (1)
56000.0,43.3,2,2.48,1293.3025404157045,Квартира,Дизайнерский,наземная,Балкон (1),Совмещенный (1)
70000.0,55.0,2,,1272.7272727272727,Квартира,Дизайнерский,наземная,Лоджия (1),unknown
57000.0,50.6,2,2.64,1126.4822134387352,Квартира,Косметический,наземная,Балкон (1),Раздельный (1)
52000.0,79.0,3,,658.2278481012659,Квартира,Косметический,unknown,Лоджия (1),unknown
55000.0,51.0,2,,1078.4313725490197,Квартира,unknown,unknown,Балкон (1),Раздельный (1)
68000.0,77.0,3,2.7,883.1168831168832,Квартира,unknown,unknown,Балкон (2),Раздельный (1)
52000.0,76.0,3,2.5,684.2105263157895,Квартира,Косметический,unknown,Лоджия (1),Раздельный (1)
68000.0,77.0,3,2.64,883.1168831168832,Квартира,Косметический,unknown,Балкон (2),Раздельный (1)
70000.0,78.0,3,2.8,897.4358974358975,Квартира,Евроремонт,unknown,Лоджия (1),Совмещенный (1)
55000.0,48.9,3,2.64,1124.7443762781186,Квартира,Косметический,наземная,Балкон (1),Раздельный (1)
53000.0,60.0,2,,883.3333333333334,Квартира,Евроремонт,наземная,Балкон (1),Раздельный (1)
80000.0,82.0,3,3.2,975.609756097561,Квартира,Евроремонт,подземная,Лоджия (1),Совмещенный (2)
55000.0,60.0,3,2.64,916.6666666666666,Квартира,Евроремонт,наземная,Балкон (1),Совмещенный (1)
55000.0,45.0,2,2.64,1222.2222222222222,Квартира,Евроремонт,наземная,Балкон (1),Совмещенный (1)
60000.0,62.0,2,,967.741935483871,Квартира,Евроремонт,наземная,Лоджия (1),Раздельный (1)
62000.0,58.0,2,2.7,1068.9655172413793,Квартира,Дизайнерский,наземная,Балкон (1),Раздельный (1)
66000.0,78.0,3,2.74,846.1538461538462,Квартира,Евроремонт,unknown,Лоджия (2),Раздельный (1)
65000.0,62.0,2,,1048.3870967741937,Квартира,unknown,unknown,unknown,Совмещенный (1)
65000.0,62.0,2,,1048.3870967741937,Квартира,Евроремонт,unknown,unknown,Совмещенный (1)
53000.0,63.0,3,2.5,841.2698412698413,Квартира,Евроремонт,наземная,Лоджия (1),Раздельный (1)
58000.0,70.0,2,2.7,828.5714285714286,Квартира,Евроремонт,наземная,Лоджия (1),Раздельный (1)
65000.0,77.0,3,2.64,844.1558441558442,Квартира,Евроремонт,наземная,Лоджия (1),Раздельный (1)
70000.0,60.0,3,2.64,1166.6666666666667,Квартира,Евроремонт,наземная,Лоджия (1),Раздельный (1)
52000.0,62.0,2,,838.7096774193549,Квартира,Евроремонт,unknown,"Балкон (1), Лоджия (1)",Раздельный (1)
55000.0,54.0,2,,1018.5185185185185,Квартира,Евроремонт,unknown,Лоджия (1),Раздельный (1)
55000.0,32.0,2,,1718.75,Квартира,Дизайнерский,наземная,Лоджия (1),Совмещенный (1)
60000.0,72.0,3,,833.3333333333334,Квартира,Косметический,unknown,Балкон (1),unknown
60000.0,50.0,2,2.5,1200.0,Квартира,unknown,unknown,Балкон (1),Раздельный (1)
60000.0,62.7,3,2.7,956.9377990430621,Квартира,unknown,unknown,Лоджия (1),Раздельный (1)
60000.0,82.0,3,2.7,731.7073170731708,Квартира,Косметический,unknown,unknown,Раздельный (1)
60000.0,80.0,3,,750.0,Квартира,Евроремонт,unknown,"Балкон (1), Лоджия (1)",Совмещенный (1)
60000.0,63.0,2,2.74,952.3809523809524,Квартира,Евроремонт,многоуровневая,Лоджия (2),Раздельный (1)
60000.0,70.0,3,2.48,857.1428571428571,Квартира,Дизайнерский,наземная,Лоджия (1),Совмещенный (1)
60000.0,60.0,2,2.64,1000.0,Квартира,Евроремонт,unknown,"Балкон (1), Лоджия (1)",Совмещенный (1)
61500.0,70.0,2,,878.5714285714286,Квартира,Дизайнерский,unknown,unknown,Совмещенный (1)
65000.0,51.0,2,,1274.5098039215686,Квартира,unknown,unknown,unknown,Совмещенный (1)
65000.0,68.0,2,,955.8823529411765,Квартира,Дизайнерский,unknown,unknown,"Совмещенный (1), Раздельный (1)"
65000.0,82.5,3,2.64,787.8787878787879,Квартира,Евроремонт,unknown,Лоджия (1),Раздельный (1)
65000.0,81.0,3,2.64,802.4691358024692,Квартира,Евроремонт,наземная,Балкон (1),Совмещенный (1)
70000.0,74.0,3,2.64,945.9459459459459,Квартира,Евроремонт,многоуровневая,Лоджия (1),Раздельный (1)
75000.0,60.0,3,2.7,1250.0,Квартира,unknown,unknown,Лоджия (1),Совмещенный (1)
80000.0,100.0,3,2.8,800.0,Квартира,unknown,подземная,Лоджия (2),Раздельный (2)
80000.0,80.0,3,2.64,1000.0,Квартира,Косметический,unknown,Лоджия (1),Совмещенный (1)
80000.0,80.5,3,2.7,993.7888198757764,Квартира,Евроремонт,unknown,Лоджия (1),"Совмещенный (1), Раздельный (1)"
90000.0,101.0,4,2.64,891.0891089108911,Квартира,Евроремонт,наземная,"Балкон (1), Лоджия (2)",Раздельный (1)
55000.0,80.0,3,,687.5,Квартира,Дизайнерский,наземная,Балкон (1),Раздельный (1)
130000.0,105.0,4,,1238.095238095238,Квартира,Евроремонт,unknown,Балкон (1),"Совмещенный (1), Раздельный (1)"
130000.0,105.0,4,,1238.095238095238,Квартира,Евроремонт,подземная,unknown,"Совмещенный (1), Раздельный (1)"
90000.0,100.0,3,3.0,900.0,Квартира,Евроремонт,подземная,Балкон (1),"Совмещенный (1), Раздельный (1)"
55000.0,66.0,3,2.64,833.3333333333334,Квартира,Евроремонт,наземная,Лоджия (1),unknown
105000.0,79.0,2,3.0,1329.113924050633,Квартира,unknown,подземная,unknown,Совмещенный (1)
60000.0,74.0,3,2.64,810.8108108108108,Квартира,Косметический,наземная,Лоджия (1),Раздельный (1)
65000.0,53.0,1,,1226.4150943396226,Квартира,Евроремонт,unknown,Балкон (1),Совмещенный (1)
85000.0,80.0,3,,1062.5,Квартира,Евроремонт,unknown,Лоджия (1),unknown
100000.0,80.0,3,3.0,1250.0,Квартира,Евроремонт,подземная,unknown,Совмещенный (2)
105000.0,79.0,2,,1329.113924050633,Квартира,Дизайнерский,наземная,unknown,Раздельный (1)
65000.0,75.0,2,,866.6666666666666,Квартира,Евроремонт,unknown,Лоджия (1),Раздельный (1)
60000.0,60.0,2,2.8,1000.0,Квартира,unknown,подземная,Балкон (1),Совмещенный (1)
60000.0,59.0,2,2.75,1016.9491525423729,Квартира,Евроремонт,наземная,Лоджия (1),Раздельный (1)
60000.0,50.0,3,,1200.0,Квартира,Косметический,наземная,Лоджия (1),Раздельный (1)
52000.0,53.7,2,2.64,968.342644320298,Квартира,Косметический,unknown,Балкон (1),Раздельный (1)
55000.0,59.0,2,2.6,932.2033898305085,Квартира,unknown,unknown,Балкон (1),Раздельный (1)
56000.0,77.0,3,2.64,727.2727272727273,Квартира,Косметический,наземная,Лоджия (1),Раздельный (1)
57000.0,73.0,2,,780.8219178082192,Квартира,Евроремонт,unknown,unknown,unknown
60000.0,60.0,2,,1000.0,Квартира,Евроремонт,открытая,Лоджия (1),Совмещенный (1)
60000.0,56.0,2,2.64,1071.4285714285713,Квартира,Косметический,unknown,Лоджия (1),Раздельный (1)
60000.0,60.0,2,2.64,1000.0,Квартира,Евроремонт,unknown,Лоджия (1),Раздельный (1)
60000.0,60.0,2,,1000.0,Квартира,Евроремонт,unknown,Лоджия (1),unknown
60000.0,50.0,2,2.64,1200.0,Квартира,Косметический,unknown,Балкон (1),Раздельный (1)
65000.0,56.0,2,,1160.7142857142858,Квартира,Евроремонт,unknown,Балкон (1),Совмещенный (1)
65000.0,76.0,3,2.64,855.2631578947369,Квартира,Косметический,unknown,Балкон (1),unknown
65000.0,47.0,2,,1382.9787234042553,Квартира,Евроремонт,unknown,unknown,unknown
69000.0,67.0,3,2.5,1029.8507462686566,Квартира,unknown,наземная,Лоджия (1),Раздельный (1)
70000.0,74.0,3,2.7,945.9459459459459,Квартира,Косметический,открытая,Балкон (1),Совмещенный (1)
70000.0,85.0,3,,823.5294117647059,Квартира,Евроремонт,unknown,unknown,"Совмещенный (1), Раздельный (1)"
78000.0,65.0,2,3.1,1200.0,Квартира,unknown,наземная,unknown,Совмещенный (1)
79000.0,75.0,3,2.64,1053.3333333333333,Квартира,Евроремонт,unknown,Балкон (2),Раздельный (1)
80000.0,95.0,3,,842.1052631578947,Квартира,Косметический,unknown,Лоджия (2),Раздельный (1)
80000.0,50.0,2,,1600.0,Квартира,Евроремонт,наземная,unknown,Совмещенный (1)
85000.0,80.0,3,2.6,1062.5,Квартира,unknown,unknown,Балкон (2),Раздельный (1)
85000.0,100.0,4,2.7,850.0,Квартира,unknown,unknown,unknown,Раздельный (1)
95000.0,95.7,3,,992.6854754440961,Квартира,Дизайнерский,наземная,Лоджия (1),Совмещенный (2)
130000.0,105.0,4,,1238.095238095238,Квартира,Евроремонт,unknown,unknown,"Совмещенный (1), Раздельный (1)"
140000.0,105.0,4,,1333.3333333333333,Квартира,Дизайнерский,unknown,Балкон (1),unknown
150000.0,103.0,3,,1456.3106796116506,Квартира,Дизайнерский,подземная,Лоджия (1),Совмещенный (2)
54500.0,45.0,2,,1211.111111111111,Квартира,Косметический,открытая,Балкон (1),Раздельный (1)
55000.0,75.0,2,,733.3333333333334,Квартира,unknown,unknown,Лоджия (1),unknown
55000.0,54.0,2,2.64,1018.5185185185185,Квартира,Евроремонт,наземная,Лоджия (1),Раздельный (1)
55000.0,62.0,3,2.64,887.0967741935484,Квартира,Евроремонт,unknown,Балкон (2),Раздельный (1)
57000.0,64.0,3,2.64,890.625,Квартира,Евроремонт,наземная,"Балкон (1), Лоджия (1)",Раздельный (1)
57000.0,60.0,2,2.64,950.0,Квартира,Евроремонт,наземная,Лоджия (1),Совмещенный (1)
58000.0,54.0,2,2.64,1074.0740740740741,Квартира,Евроремонт,unknown,Балкон (1),Совмещенный (1)
58000.0,63.0,2,2.73,920.6349206349206,Квартира,Евроремонт,наземная,Лоджия (1),Раздельный (1)
58999.0,60.0,2,2.64,983.3166666666667,Квартира,Косметический,unknown,"Балкон (1), Лоджия (1)",Раздельный (1)
60000.0,63.0,3,2.64,952.3809523809524,Квартира,Косметический,unknown,Лоджия (1),Раздельный (1)
60000.0,46.8,2,,1282.0512820512822,Квартира,Евроремонт,открытая,Лоджия (1),Раздельный (1)
60000.0,60.0,2,,1000.0,Квартира,Евроремонт,unknown,Лоджия (1),Раздельный (1)
60000.0,57.0,2,2.64,1052.6315789473683,Квартира,Евроремонт,unknown,Лоджия (1),Совмещенный (1)
60000.0,76.7,3,2.48,782.2685788787484,Квартира,Евроремонт,unknown,Балкон (2),"Совмещенный (1), Раздельный (2)"
60000.0,75.0,2,2.64,800.0,Квартира,Евроремонт,наземная,Лоджия (1),Совмещенный (1)
65000.0,65.0,2,,1000.0,Квартира,Евроремонт,подземная,Лоджия (1),Совмещенный (1)
65000.0,58.0,2,2.64,1120.6896551724137,Квартира,Евроремонт,наземная,Лоджия (1),Раздельный (1)
65000.0,52.0,2,,1250.0,Квартира,Евроремонт,открытая,Лоджия (1),Раздельный (1)
75000.0,85.0,3,3.1,882.3529411764706,Квартира,Дизайнерский,подземная,unknown,Совмещенный (2)
75000.0,60.0,2,,1250.0,Квартира,Дизайнерский,подземная,Лоджия (1),Совмещенный (1)
76000.0,73.0,3,,1041.0958904109589,Квартира,Евроремонт,открытая,Лоджия (1),Раздельный (1)
79000.0,59.0,3,,1338.9830508474577,Квартира,Евроремонт,открытая,Балкон (1),Раздельный (1)
80000.0,60.5,2,,1322.314049586777,Квартира,Евроремонт,unknown,unknown,Совмещенный (1)
95000.0,80.0,3,,1187.5,Квартира,Евроремонт,подземная,Лоджия (1),Раздельный (2)
95000.0,102.3,3,,928.6412512218964,Квартира,Дизайнерский,unknown,Лоджия (1),Совмещенный (1)
95000.0,100.0,3,,950.0,Квартира,Евроремонт,подземная,Лоджия (1),unknown
95000.0,87.5,3,3.0,1085.7142857142858,Квартира,Дизайнерский,подземная,Лоджия (2),Раздельный (2)
110000.0,100.0,3,,1100.0,Квартира,Евроремонт,подземная,Лоджия (1),Раздельный (2)
120000.0,120.0,4,2.64,1000.0,Квартира,Евроремонт,unknown,"Балкон (1), Лоджия (1)",Совмещенный (2)
140000.0,125.0,3,,1120.0,Квартира,Евроремонт,подземная,Лоджия (1),Раздельный (2)
150000.0,157.0,4,3.0,955.4140127388536,Квартира,Евроремонт,подземная,unknown,Совмещенный (2)
150000.0,170.0,4,,882.3529411764706,Квартира,Дизайнерский,unknown,Лоджия (1),"Совмещенный (1), Раздельный (2)"
60000.0,60.3,2,2.7,995.0248756218906,Квартира,Евроремонт,подземная,Балкон (2),Совмещенный (1)
60000.0,60.5,2,,991.7355371900826,Квартира,Евроремонт,наземная,Лоджия (1),Совмещенный (1)
52000.0,54.0,2,2.64,962.9629629629629,Квартира,Евроремонт,наземная,Лоджия (1),Раздельный (1)
55000.0,45.0,2,2.5,1222.2222222222222,Квартира,Косметический,наземная,unknown,unknown
55000.0,45.0,2,2.64,1222.2222222222222,Квартира,Евроремонт,наземная,unknown,Раздельный (1)
55000.0,59.1,2,2.64,930.6260575296108,Квартира,Без ремонта,unknown,Балкон (1),unknown
57000.0,53.0,1,,1075.4716981132076,Квартира,Евроремонт,unknown,unknown,unknown
58000.0,54.0,2,2.8,1074.0740740740741,Квартира,Косметический,наземная,Лоджия (1),Раздельный (1)
60000.0,58.5,3,2.64,1025.6410256410256,Квартира,Косметический,unknown,"Балкон (1), Лоджия (1)",Совмещенный (1)
60000.0,65.0,3,2.64,923.0769230769231,Квартира,Косметический,unknown,"Балкон (1), Лоджия (1)",Раздельный (1)
62000.0,52.0,2,2.64,1192.3076923076924,Квартира,Дизайнерский,unknown,Лоджия (1),Раздельный (1)
70000.0,80.0,3,,875.0,Квартира,Косметический,unknown,unknown,unknown
85000.0,80.0,3,2.64,1062.5,Квартира,Дизайнерский,unknown,Балкон (1),Раздельный (1)
95000.0,80.0,2,3.0,1187.5,Квартира,Евроремонт,подземная,"Балкон (1), Лоджия (1)",Раздельный (1)
56000.0,75.0,3,,746.6666666666666,Квартира,Евроремонт,unknown,Лоджия (1),Раздельный (1)
55000.0,79.0,3,,696.2025316455696,Квартира,Дизайнерский,наземная,"Балкон (1), Лоджия (1)",Раздельный (1)
55000.0,86.0,3,2.64,639.5348837209302,Квартира,Косметический,unknown,Балкон (3),unknown
52600.0,65.6,2,2.7,801.829268292683,Квартира,Евроремонт,наземная,Лоджия (1),Раздельный (1)
62000.0,47.0,1,,1319.1489361702127,Квартира,Евроремонт,наземная,unknown,Совмещенный (1)
75000.0,46.0,2,3.0,1630.4347826086957,Квартира,unknown,подземная,unknown,Совмещенный (1)
90000.0,71.0,3,,1267.605633802817,Квартира,unknown,подземная,Балкон (1),Совмещенный (2)
60000.0,44.0,2,3.1,1363.6363636363637,Квартира,unknown,подземная,unknown,Совмещенный (1)
75000.0,50.0,2,,1500.0,Квартира,Евроремонт,unknown,unknown,Совмещенный (1)
90000.0,71.0,3,,1267.605633802817,Квартира,Косметический,unknown,Лоджия (1),Раздельный (2)
60000.0,50.8,3,2.5,1181.1023622047244,Квартира,Евроремонт,unknown,Лоджия (1),Раздельный (1)
60000.0,45.0,2,,1333.3333333333333,Квартира,Дизайнерский,unknown,unknown,unknown
115000.0,98.0,4,,1173.469387755102,Квартира,Дизайнерский,подземная,Лоджия (1),Совмещенный (2)
55000.0,46.0,2,2.8,1195.6521739130435,Квартира,Евроремонт,подземная,Лоджия (1),Раздельный (1)
57000.0,46.0,2,,1239.1304347826087,Квартира,Дизайнерский,подземная,Балкон (1),Совмещенный (1)
65000.0,41.0,2,,1585.3658536585365,Квартира,Евроремонт,unknown,Лоджия (1),Совмещенный (1)
69000.0,41.0,2,,1682.9268292682927,Квартира,Евроремонт,unknown,Лоджия (1),Раздельный (1)
70000.0,50.0,2,,1400.0,Квартира,Евроремонт,подземная,Лоджия (1),Совмещенный (1)
90000.0,71.0,3,,1267.605633802817,Квартира,Косметический,unknown,Балкон (1),Раздельный (2)
100000.0,113.7,2,3.0,879.5074758135444,Квартира,Евроремонт,unknown,Лоджия (2),Совмещенный (2)
80000.0,71.0,2,2.7,1126.7605633802816,Квартира,unknown,подземная,Лоджия (1),Совмещенный (1)
80000.0,70.0,2,,1142.857142857143,Квартира,Евроремонт,подземная,Балкон (1),"Совмещенный (1), Раздельный (1)"
84000.0,66.2,2,,1268.882175226586,Квартира,Дизайнерский,unknown,Лоджия (1),Раздельный (1)
65000.0,43.0,2,,1511.6279069767443,Квартира,Дизайнерский,подземная,Лоджия (1),Совмещенный (1)
70000.0,45.0,2,,1555.5555555555557,Квартира,Дизайнерский,подземная,Лоджия (1),Совмещенный (1)
70000.0,50.0,2,2.9,1400.0,Квартира,Евроремонт,unknown,Лоджия (1),Совмещенный (1)
57000.0,41.0,1,,1390.2439024390244,Квартира,Евроремонт,unknown,Балкон (1),unknown
59000.0,50.0,1,,1180.0,Квартира,Евроремонт,unknown,unknown,"Совмещенный (1), Раздельный (2)"
95000.0,48.0,1,2.8,1979.1666666666667,Квартира,unknown,подземная,unknown,Совмещенный (1)
51300.0,56.0,2,,916.0714285714286,Квартира,unknown,unknown,unknown,Раздельный (1)
55000.0,56.0,3,,982.1428571428571,Квартира,unknown,unknown,unknown,unknown
55000.0,37.6,1,3.0,1462.7659574468084,Квартира,Косметический,подземная,unknown,Совмещенный (1)
55000.0,36.0,1,,1527.7777777777778,Квартира,unknown,подземная,unknown,Совмещенный (1)
55000.0,60.0,2,,916.6666666666666,Квартира,unknown,unknown,Балкон (1),Раздельный (1)
55000.0,73.9,3,2.64,744.2489851150202,Квартира,Косметический,unknown,unknown,Раздельный (1)
55000.0,44.0,2,2.48,1250.0,Квартира,Дизайнерский,наземная,Балкон (1),Раздельный (1)
55000.0,58.5,2,,940.1709401709402,Квартира,Евроремонт,unknown,Балкон (1),"Совмещенный (1), Раздельный (1)"
55000.0,57.0,3,2.48,964.9122807017544,Квартира,Евроремонт,наземная,Балкон (1),Раздельный (1)
59000.0,44.0,2,,1340.909090909091,Квартира,unknown,подземная,Лоджия (1),Совмещенный (1)
60000.0,65.0,3,3.1,923.0769230769231,Квартира,unknown,unknown,unknown,Раздельный (2)
60000.0,43.0,1,,1395.3488372093022,Квартира,Евроремонт,подземная,Лоджия (1),Совмещенный (1)
65000.0,45.0,2,,1444.4444444444443,Квартира,Евроремонт,unknown,Лоджия (1),Совмещенный (1)
65000.0,42.0,2,,1547.6190476190477,Квартира,unknown,подземная,Лоджия (1),Совмещенный (1)
67000.0,54.0,2,2.7,1240.7407407407406,Квартира,Дизайнерский,наземная,unknown,Раздельный (1)
70000.0,49.0,1,,1428.5714285714287,Квартира,Дизайнерский,unknown,Лоджия (1),Совмещенный (1)
75000.0,44.0,2,3.0,1704.5454545454545,Квартира,Дизайнерский,подземная,unknown,Совмещенный (1)
77000.0,58.0,2,,1327.5862068965516,Квартира,Евроремонт,unknown,unknown,Совмещенный (1)
90000.0,46.7,2,3.0,1927.1948608137043,Квартира,unknown,подземная,unknown,Совмещенный (1)
52000.0,59.0,2,2.64,881.3559322033898,Квартира,Косметический,наземная,Лоджия (1),Раздельный (1)
52000.0,51.0,2,2.64,1019.6078431372549,Квартира,Евроремонт,наземная,Лоджия (1),Раздельный (1)
54990.0,56.0,3,,981.9642857142857,Квартира,Косметический,unknown,"Балкон (1), Лоджия (1)",Раздельный (1)
54500.0,42.7,2,,1276.3466042154566,Квартира,Косметический,открытая,Балкон (1),Совмещенный (1)
55000.0,54.0,2,2.64,1018.5185185185185,Квартира,Евроремонт,unknown,Лоджия (1),Раздельный (1)
55000.0,42.0,1,,1309.5238095238096,Квартира,Дизайнерский,unknown,Лоджия (1),Совмещенный (1)
60000.0,50.0,2,3.0,1200.0,Квартира,Евроремонт,подземная,Лоджия (1),Совмещенный (1)
60000.0,68.0,3,,882.3529411764706,Квартира,Косметический,unknown,unknown,unknown
60000.0,64.0,3,2.48,937.5,Квартира,Косметический,unknown,Лоджия (1),Раздельный (1)
62000.0,45.0,2,3.2,1377.7777777777778,Квартира,Евроремонт,подземная,Лоджия (1),Совмещенный (1)
65000.0,75.0,2,,866.6666666666666,Квартира,Дизайнерский,unknown,Лоджия (1),Раздельный (1)
65000.0,43.0,2,,1511.6279069767443,Квартира,Евроремонт,подземная,unknown,Совмещенный (1)
70000.0,45.0,2,3.0,1555.5555555555557,Квартира,Евроремонт,подземная,Лоджия (1),Совмещенный (1)
75000.0,65.0,2,,1153.8461538461538,Квартира,Евроремонт,подземная,"Балкон (1), Лоджия (1)","Совмещенный (1), Раздельный (1)"
78000.0,43.0,2,,1813.953488372093,Квартира,Дизайнерский,unknown,Лоджия (1),Совмещенный (1)
83000.0,40.0,2,,2075.0,Квартира,Евроремонт,unknown,unknown,Совмещенный (1)
85000.0,45.0,2,,1888.888888888889,Квартира,Дизайнерский,открытая,unknown,Совмещенный (1)
85000.0,80.0,3,,1062.5,Квартира,Евроремонт,подземная,Балкон (1),unknown
85000.0,50.0,2,,1700.0,Квартира,Дизайнерский,unknown,unknown,Совмещенный (1)
87000.0,71.0,2,,1225.3521126760563,Квартира,Евроремонт,подземная,Лоджия (1),Совмещенный (1)
87000.0,63.0,2,,1380.952380952381,Квартира,Евроремонт,подземная,Лоджия (1),Совмещенный (1)
95000.0,72.0,2,3.0,1319.4444444444443,Квартира,Дизайнерский,подземная,Лоджия (1),"Совмещенный (1), Раздельный (1)"
115000.0,97.3,4,,1181.9116135662898,Квартира,Дизайнерский,подземная,Лоджия (1),Совмещенный (2)
140000.0,100.0,3,,1400.0,Квартира,Дизайнерский,подземная,unknown,Совмещенный (2)
164847.0,66.5,2,4.0,2478.902255639098,Квартира,Евроремонт,наземная,unknown,"Совмещенный (1), Раздельный (2)"
